treatment,snapshot,outcome,spec,ATT_mean,SE_mean,CI_lo,CI_hi,dose_slope,n_strata,n_munis,time_s
T2,2022,asinh_luc,LEAN,-0.01517511591472557,0.07691582550882849,-0.1659301339120294,0.13557990208257828,-0.011369684960159374,5,842,21.962591409683228
T2,2022,asinh_luc,FULL,-0.012415491245040803,0.06602901406532628,-0.14183235881308032,0.11700137632299872,-0.005797323045767668,5,842,20.22046685218811
T2,2022,asinh_luc,FULL2,-0.009635075741065428,0.06472265564860274,-0.13649148081232682,0.11722132933019597,-0.0003278130537921449,5,842,17.698853492736816
T2,2022,asinh_luc,RICH,-0.023595832152195455,0.08649395549733759,-0.19312398492697713,0.1459323206225862,-0.01709002321264367,5,842,32.3166720867157
T2,2022,asinh_carbono_solo,LEAN,0.03547402438717832,0.07708142965927552,-0.11560557774500169,0.1865536265193583,0.008466119321868025,5,842,14.405935049057007
T2,2022,asinh_carbono_solo,FULL,0.02065799351386959,0.06777887492264133,-0.1121886013345074,0.1535045883622466,0.025045214512128187,5,842,18.8809654712677
T2,2022,asinh_carbono_solo,FULL2,0.0002093029453747425,0.062291160424408056,-0.12188137148646504,0.12229997737721453,0.02707876745061535,5,842,17.828030109405518
T2,2022,asinh_carbono_solo,RICH,-0.0009836617353396553,0.07323717813562533,-0.1445285308811653,0.142561207410486,0.0022438810084535704,5,842,31.85245633125305
T2,2022,log1p_queima,LEAN,0.06753635685026568,0.22034578717544115,-0.364341386013599,0.4994140997141303,-0.039651103787341754,5,842,14.19088625907898
T2,2022,log1p_queima,FULL,0.028867412786708364,0.21722552267733622,-0.39689461166087064,0.45462943723428734,-0.05815077129611957,5,842,20.87367343902588
T2,2022,log1p_queima,FULL2,0.1263482643115877,0.24404393054569395,-0.35197783955797246,0.6046743681811478,-0.027924855502244335,5,842,20.446465730667114
T2,2022,log1p_queima,RICH,-0.44790012114641825,0.7088822412300054,-1.8373093139572287,0.9415090716643923,-0.30567456368351775,5,842,32.03077673912048
T2,2022,log_solos_manejados,LEAN,0.06048412152570495,0.03373984763795098,-0.005645979844678968,0.12661422289608887,-0.007245098180440456,5,841,10.674139738082886
T2,2022,log_solos_manejados,FULL,0.05297396044086107,0.03501549566290981,-0.015656411058442163,0.1216043319401643,-0.0095511539833352,5,841,22.16132402420044
T2,2022,log_solos_manejados,FULL2,0.04901161049252037,0.033176848320302085,-0.016015012215271712,0.11403823320031245,-0.004628491108296196,5,841,17.89369773864746
T2,2022,log_solos_manejados,RICH,0.04630423033416271,0.03578408238120041,-0.023832571132990102,0.11644103180131553,-0.012776518114306884,5,841,32.02248549461365
T2,2022,log1p_residuos_florestais,LEAN,0.20630176089242655,0.20578510616512818,-0.1970370471912247,0.6096405689760778,0.025461524173697403,5,842,14.276034593582153
T2,2022,log1p_residuos_florestais,FULL,0.14597700032906538,0.17708519092059,-0.20110997387529103,0.49306397453342177,0.06114654738824282,5,842,18.8628191947937
T2,2022,log1p_residuos_florestais,FULL2,0.08643196149586532,0.15085330180808235,-0.20924051004797609,0.38210443303970676,0.06529655291048016,5,842,17.707314252853394
T2,2022,log1p_residuos_florestais,RICH,0.13167664671968815,0.18554591263999526,-0.23199334205470257,0.49534663549407887,0.05304179831594535,5,842,34.718087673187256
T2,2025,asinh_luc,LEAN,-0.017746434097580817,0.07103302300858344,-0.15697115919440435,0.12147829099924273,-0.02022670538506819,5,842,14.664264917373657
T2,2025,asinh_luc,FULL,-0.014584566057340884,0.08372910754337837,-0.17869361684236248,0.14952448472768073,-0.027657691413071152,5,842,22.149144411087036
T2,2025,asinh_luc,FULL2,-0.031259303373721944,0.0845260583574673,-0.19693037775435784,0.13441177100691398,-0.02896805039308588,5,842,20.003539323806763
T2,2025,asinh_luc,RICH,0.01741819870897298,0.16307574073936695,-0.30221025314018624,0.3370466505581322,0.0012755027899594021,5,842,31.82079243659973
T2,2025,asinh_carbono_solo,LEAN,0.031227633628233536,0.07276205826195017,-0.11138600056518881,0.17384126782165588,-0.014817925531368367,5,842,15.594295978546143
T2,2025,asinh_carbono_solo,FULL,0.020145010266075326,0.10092242924522776,-0.17766295105457108,0.21795297158672172,-0.0080586792619737,5,842,18.953309535980225
T2,2025,asinh_carbono_solo,FULL2,-0.017762254657135306,0.08711563820561391,-0.18850890554013855,0.15298439622586796,-0.00861963421779324,5,842,18.15150284767151
T2,2025,asinh_carbono_solo,RICH,0.038685796920597884,0.12157305814500177,-0.19959739704360557,0.27696899088480137,0.013611291303972685,5,842,31.50974464416504
T2,2025,log1p_queima,LEAN,0.03639192494857664,0.22460102601053042,-0.403826086032063,0.47660993592921624,-0.04778577712181497,5,842,14.585721969604492
T2,2025,log1p_queima,FULL,0.09037983095064987,0.21493616838303442,-0.3308950590800976,0.5116547209813973,-0.005697874935460083,5,842,18.760355472564697
T2,2025,log1p_queima,FULL2,0.17714283310450246,0.2612636462712332,-0.3349339135871146,0.6892195797961196,0.006407164658812373,5,842,17.869773864746094
T2,2025,log1p_queima,RICH,-0.30595145366284215,0.49608597917888414,-1.278279972853455,0.6663770655277708,-0.20340198341756377,5,842,31.35625123977661
T2,2025,log_solos_manejados,LEAN,0.054976477992285985,0.033160127193621276,-0.010017371307211712,0.11997032729178368,-0.0005954122181661117,5,841,14.697494268417358
T2,2025,log_solos_manejados,FULL,0.0647049900741188,0.03531068531307565,-0.004503953139509478,0.1339139332877471,0.0004281184117402031,5,841,18.561244249343872
T2,2025,log_solos_manejados,FULL2,0.05469577656722489,0.03795323969543624,-0.019692573235830145,0.1290841263702799,0.0028445091960749643,5,841,18.98968529701233
T2,2025,log_solos_manejados,RICH,0.04994245251798219,0.0426416762400398,-0.03363523291249581,0.13352013794846018,-0.008078957178917587,5,841,30.40638756752014
T2,2025,log1p_residuos_florestais,LEAN,0.22139132765433467,0.18491841920387425,-0.14104877398525884,0.5838314292939282,-0.0021955372502198175,5,842,14.480108976364136
T2,2025,log1p_residuos_florestais,FULL,0.1513859785922878,0.22734079532199897,-0.29420198023883015,0.5969739374234058,-0.005082852900265471,5,842,21.81760883331299
T2,2025,log1p_residuos_florestais,FULL2,0.028776337229670722,0.2098755053984083,-0.3825796533512095,0.44013232781055095,-0.019412352872399036,5,842,19.538386344909668
T2,2025,log1p_residuos_florestais,RICH,0.1590291449871446,0.2501474655943627,-0.3312598875778063,0.6493181775520955,0.033302361615673674,5,842,31.461316108703613
T2,2026,asinh_luc,LEAN,-0.006939255983473079,0.07248215732743782,-0.1490042843452512,0.13512577237830503,-0.013868575421591338,5,842,10.33015251159668
T2,2026,asinh_luc,FULL,-0.017137753231328413,0.08684923856802466,-0.18736226082465673,0.15308675436199992,-0.00865941643853475,5,842,22.369935750961304
T2,2026,asinh_luc,FULL2,-0.02991054316787598,0.07883348937517183,-0.18442418234321276,0.1246030960074608,-0.006241832295094318,5,842,18.00909733772278
T2,2026,asinh_luc,RICH,0.0378952226983632,0.10955901651229227,-0.17684044966572965,0.25263089506245606,-0.004542413949309063,5,842,33.34028720855713
T2,2026,asinh_carbono_solo,LEAN,0.03365748836989878,0.07234246428853772,-0.10813374163563515,0.1754487183754327,-0.025420534082578036,5,842,14.081813097000122
T2,2026,asinh_carbono_solo,FULL,0.008763289717330074,0.09624502975784022,-0.17987696860803676,0.19740354804269689,-0.016488788451661237,5,842,19.461958169937134
T2,2026,asinh_carbono_solo,FULL2,-0.009492477027442346,0.07894301097990299,-0.1642207785480522,0.1452358244931675,-0.015295060945662426,5,842,18.51003360748291
T2,2026,asinh_carbono_solo,RICH,0.043321344901832835,0.10992881540853296,-0.17213913329889174,0.25878182310255743,0.010591829511005168,5,842,32.9613471031189
T2,2026,log1p_queima,LEAN,0.11044544934781761,0.26576580466523503,-0.410455527796043,0.6313464264916783,-0.04046911340532271,5,842,14.20128083229065
T2,2026,log1p_queima,FULL,0.13348045489403765,0.24975638055490595,-0.356042050993578,0.6230029607816533,-0.03003731477949358,5,842,19.17322587966919
T2,2026,log1p_queima,FULL2,0.2521068889904441,0.2863191266827253,-0.30907859930769754,0.8132923772885857,0.047183599510634625,5,842,22.774162530899048
T2,2026,log1p_queima,RICH,-0.7503385863935557,0.6272840639584402,-1.9798153517520984,0.4791381789649871,-0.09083505879434188,5,842,32.598748207092285
T2,2026,log_solos_manejados,LEAN,0.06621750929469186,0.03745827539797324,-0.007200710485335687,0.1396357290747194,0.004022143037674284,5,841,12.685316562652588
T2,2026,log_solos_manejados,FULL,0.062245593550842096,0.045625253580119644,-0.02717990346619241,0.1516710905678766,0.004253766583022397,5,841,20.201199054718018
T2,2026,log_solos_manejados,FULL2,0.04925948134812423,0.03846962540666934,-0.026140984448947663,0.12465994714519613,0.010319576414374303,5,841,18.423729419708252
T2,2026,log_solos_manejados,RICH,0.06941756930919848,0.06748725096437119,-0.06285744258096906,0.20169258119936603,0.007128701096906817,5,841,33.161630153656006
T2,2026,log1p_residuos_florestais,LEAN,0.18841379577261028,0.1821553736805674,-0.1686107366413018,0.5454383281865224,-0.06244720339402813,5,842,14.425851821899414
T2,2026,log1p_residuos_florestais,FULL,0.1236330619932509,0.21547590212177875,-0.29869970616543545,0.5459658301519372,-0.04972872865266464,5,842,18.745927572250366
T2,2026,log1p_residuos_florestais,FULL2,0.01907805927767517,0.18445669883845572,-0.34245707044569806,0.38061318900104835,-0.04593244691341165,5,842,18.13747215270996
T2,2026,log1p_residuos_florestais,RICH,0.2904434913637106,0.2513261706998452,-0.20215580320798598,0.7830427859354072,0.04224374197493878,5,842,35.12387704849243
T3,2022,asinh_luc,LEAN,0.005263831540597337,0.07551285252007209,-0.14274135939874394,0.15326902247993862,-0.0040915663755915445,5,842,11.701326131820679
T3,2022,asinh_luc,FULL,5.7447462124429056e-05,0.08438816739793915,-0.1653433606378363,0.16545825556208518,-0.0059274746256107284,5,842,23.904337167739868
T3,2022,asinh_luc,FULL2,-0.00968565496412653,0.08208700846136106,-0.1705761915483942,0.15120488162014117,-0.017262176166120607,5,842,17.808293342590332
T3,2022,asinh_luc,RICH,-0.014163470473294049,0.06665101694258896,-0.1447994636807684,0.1164725227341803,-0.05697650345385467,5,842,32.17380690574646
T3,2022,asinh_carbono_solo,LEAN,0.06709906684582116,0.08464643160563358,-0.09880793910122064,0.23300607279286295,0.023172912848451986,5,842,14.093470573425293
T3,2022,asinh_carbono_solo,FULL,0.027498261879707546,0.09649161194228846,-0.16162529752717783,0.21662182128659294,0.016595851818664364,5,842,18.880205392837524
T3,2022,asinh_carbono_solo,FULL2,0.0001880650623197977,0.09918092593917203,-0.1942065497784574,0.194582679903097,-0.0021846182257109752,5,842,18.251098155975342
T3,2022,asinh_carbono_solo,RICH,0.03733655558108203,0.09065847075047556,-0.14035404708985005,0.21502715825201413,-0.017804466829151627,5,842,31.886063814163208
T3,2022,log1p_queima,LEAN,0.04012659226814712,0.23695167554309624,-0.42429869179632146,0.5045518763326157,0.10668975786075421,5,842,14.054352045059204
T3,2022,log1p_queima,FULL,0.1768260048660766,0.24379387229327606,-0.3010099848287445,0.6546619945608977,0.07538449371554597,5,842,18.786562204360962
T3,2022,log1p_queima,FULL2,0.29321475104130795,0.45322002343287227,-0.5950964948871216,1.1815259969697376,0.1694643707548371,5,842,17.683103561401367
T3,2022,log1p_queima,RICH,-0.5853629148603453,0.6116197737730873,-1.7841376714555963,0.6134118417349058,0.08271182139149012,5,842,31.485323429107666
T3,2022,log_solos_manejados,LEAN,0.06371882693339918,0.032724429982716484,-0.0004210558327251285,0.1278587096995235,0.025649093523985863,5,841,14.038950681686401
T3,2022,log_solos_manejados,FULL,0.04961461173167023,0.042211488952768016,-0.033119906615755076,0.13234913007909554,0.028743327193869985,5,841,19.01001739501953
T3,2022,log_solos_manejados,FULL2,0.03882224404047138,0.03568745196294767,-0.03112516180690604,0.1087696498878488,0.0223150071657683,5,841,18.310923099517822
T3,2022,log_solos_manejados,RICH,0.04985062870870784,0.042974669567451704,-0.0343797236434975,0.13408098106091318,-0.0036021577647769626,5,841,34.31633758544922
T3,2022,log1p_residuos_florestais,LEAN,0.2863981315604228,0.2169644683839593,-0.1388522264721374,0.7116484895929831,0.0834729812372023,5,842,10.699647903442383
T3,2022,log1p_residuos_florestais,FULL,0.11135297799602877,0.21884652466456192,-0.3175862103465126,0.5402921663385701,0.05743622200394859,5,842,23.139766931533813
T3,2022,log1p_residuos_florestais,FULL2,0.02722226857037823,0.22397783848460884,-0.41177429485945505,0.4662188320002115,0.015362916811747266,5,842,17.778825044631958
T3,2022,log1p_residuos_florestais,RICH,0.19022903788388928,0.18578311493516075,-0.1739058673890258,0.5543639431568044,-0.04570004921567378,5,842,31.65237069129944
T3,2025,asinh_luc,LEAN,-0.0013784563635888928,0.07931192139169305,-0.15682982229130724,0.15407290956412947,-0.022757616662280673,5,842,13.692783117294312
T3,2025,asinh_luc,FULL,0.022199023090395335,0.07687423221562988,-0.12847447205223922,0.1728725182330299,-0.0070900986419038005,5,842,19.22395658493042
T3,2025,asinh_luc,FULL2,-0.0030669598385621817,0.07384819684142331,-0.14780942564775185,0.1416755059706275,-0.01254252703523761,5,842,18.035231113433838
T3,2025,asinh_luc,RICH,0.06056191687936591,0.13350597907557338,-0.2011098021087579,0.3222336358674897,0.012043372249368006,5,842,31.8083815574646
T3,2025,asinh_carbono_solo,LEAN,0.05356883671724102,0.08815733065651488,-0.11921953136952812,0.22635720480401017,-0.0048860887699394675,5,842,14.376117706298828
T3,2025,asinh_carbono_solo,FULL,0.051847450195441624,0.0881551511381295,-0.1209366460352922,0.22463154642617544,0.014213808898068957,5,842,18.982937335968018
T3,2025,asinh_carbono_solo,FULL2,0.010621812863849077,0.08148329907764405,-0.14908545332833326,0.17032907905603142,0.0007303315335355333,5,842,18.149954557418823
T3,2025,asinh_carbono_solo,RICH,0.0978362038996963,0.2285564648457222,-0.3501344671979192,0.5458068749973118,0.04062019266849598,5,842,31.35361361503601
T3,2025,log1p_queima,LEAN,0.18271710868355048,0.2814279601994305,-0.3688816933073332,0.7343159106744342,0.020399493187044773,5,842,14.549764156341553
T3,2025,log1p_queima,FULL,0.02446622938231392,0.23508584309884464,-0.4363020230914216,0.4852344818560494,0.07059263079709957,5,842,18.83535408973694
T3,2025,log1p_queima,FULL2,0.13352948660140712,0.29967899399714687,-0.45384134163300077,0.7209003148358151,0.11636891854236546,5,842,18.514706134796143
T3,2025,log1p_queima,RICH,-0.46694700579976445,0.5779408119731072,-1.5997109972670545,0.6658169856675256,0.11277529353223735,5,842,31.256447553634644
T3,2025,log_solos_manejados,LEAN,0.06734793902497402,0.03866541336895428,-0.008436271178176372,0.1431321492281244,0.01158154159637596,5,841,14.63047742843628
T3,2025,log_solos_manejados,FULL,0.04969573210259456,0.035448996124021616,-0.019784300300487813,0.11917576450567693,0.018327238282426373,5,841,22.650164365768433
T3,2025,log_solos_manejados,FULL2,0.041685329646619994,0.031873621914975094,-0.02078696930673119,0.10415762859997119,0.01710951943528847,5,841,18.614218950271606
T3,2025,log_solos_manejados,RICH,0.06907034265651905,0.06675520814063356,-0.06176986529912272,0.19991055061216084,0.009298106126059944,5,841,32.45389914512634
T3,2025,log1p_residuos_florestais,LEAN,0.22342751423729693,0.22575751584277412,-0.21905721681454035,0.6659122452891342,-0.004637523247318781,5,842,14.571549892425537
T3,2025,log1p_residuos_florestais,FULL,0.20259576686505673,0.2142786321560111,-0.21739035216072497,0.6225818858908384,0.026021077521768635,5,842,18.69993305206299
T3,2025,log1p_residuos_florestais,FULL2,0.09014149810417145,0.18540586143055562,-0.2732539902997176,0.45353698650806046,-0.004409727845123765,5,842,17.903500080108643
T3,2025,log1p_residuos_florestais,RICH,0.33521252728885736,0.7207799466932621,-1.0775161682299363,1.747941222807651,0.11091386021889689,5,842,31.284353494644165
T3,2026,asinh_luc,LEAN,0.013716975474744899,0.07565793802771013,-0.13457258305956696,0.16200653400905676,-0.01690009807027562,5,842,14.40493369102478
T3,2026,asinh_luc,FULL,0.017652229477263654,0.08455706000703159,-0.14807960813651824,0.18338406709104557,-0.01477041899551525,5,842,18.753026485443115
T3,2026,asinh_luc,FULL2,-0.0012060630758218643,0.09155108721933682,-0.18064619402572202,0.1782340678740783,-0.026717112370571228,5,842,18.225199699401855
T3,2026,asinh_luc,RICH,-0.01662981119448465,0.11644499074496402,-0.24486199305461412,0.21160237066564483,0.0022608697352897535,5,842,32.61505341529846
T3,2026,asinh_carbono_solo,LEAN,0.05207595406506933,0.07167851110227319,-0.08841392769538613,0.19256583582552478,-0.002450608849870694,5,842,14.016778230667114
T3,2026,asinh_carbono_solo,FULL,0.05289876559213992,0.08244516846477006,-0.10869376459880938,0.21449129578308923,-0.004467655419095057,5,842,20.654908418655396
T3,2026,asinh_carbono_solo,FULL2,0.0008569697300311651,0.1025918429439965,-0.20022304244020198,0.2019369819002643,-0.03006447981609219,5,842,21.16219997406006
T3,2026,asinh_carbono_solo,RICH,0.07263001747349893,0.10179945438213989,-0.12689691311549525,0.27215694806249313,-0.018202354538242496,5,842,32.37419939041138
T3,2026,log1p_queima,LEAN,0.13157770599032587,0.23633176269354736,-0.33163254888902693,0.5947879608696787,0.12629617754360078,5,842,14.273128509521484
T3,2026,log1p_queima,FULL,0.20639777763846662,0.2264233586831324,-0.2373920053804729,0.6501875606574061,0.07484891073217509,5,842,19.000044584274292
T3,2026,log1p_queima,FULL2,0.4588236480150957,0.4931590122383921,-0.5077680159721528,1.425415312002344,0.22064949124465644,5,842,18.144453287124634
T3,2026,log1p_queima,RICH,-0.1509908775132337,0.19719615510924118,-0.5374953415273465,0.235513586500879,-0.21726592975917383,5,842,32.558507680892944
T3,2026,log_solos_manejados,LEAN,0.05898753226394926,0.03332475008720362,-0.006328977906969832,0.12430404243486835,0.01809596849101544,5,841,14.280444383621216
T3,2026,log_solos_manejados,FULL,0.06170326292104276,0.034488657703077165,-0.00589450617698848,0.129301032019074,0.02272955206570717,5,841,18.500467538833618
T3,2026,log_solos_manejados,FULL2,0.0455592081810251,0.03455469308026364,-0.02216799025629164,0.11328640661834184,0.01775074267845013,5,841,18.255536317825317
T3,2026,log_solos_manejados,RICH,0.04463740043216844,0.05140052982217152,-0.05610763801928773,0.14538243888362462,-0.019891667948156177,5,841,31.955474138259888
T3,2026,log1p_residuos_florestais,LEAN,0.2366188965828783,0.17888274487757366,-0.1139912833771661,0.5872290765429227,0.008389217958891325,5,842,14.23954725265503
T3,2026,log1p_residuos_florestais,FULL,0.20213142139823562,0.18876277256973395,-0.16784361283844293,0.5721064556349141,0.010003052997335374,5,842,18.762323141098022
T3,2026,log1p_residuos_florestais,FULL2,0.03917011822302792,0.23511968464061966,-0.42166446367258664,0.5000047001186425,-0.056298334397345946,5,842,22.590200901031494
T3,2026,log1p_residuos_florestais,RICH,0.3363590274856299,0.28284892735388373,-0.21802487012798216,0.890742925099242,0.006809870670772751,5,842,32.214195013046265
