geocode,delta_queima_ar6,delta_cana_dir_ar6,delta_fert_n_ar6,delta_calagem_ar6,delta_res_outros_ar6,balanco_so_robustos_ar6,balanco_liquido_total_ar6
3103751,18.418224418886364,1567.178983081811,4920.301109640608,138.25015211423514,-41.81524294891412,6583.91500188774,6602.333226306627
3105103,21.139127179902836,1719.0946639039942,5758.063337057537,451.5322020727396,-675.7016507274088,7252.988552306862,7274.1276794867645
3111408,67.09272967720048,5784.3759013400495,18189.323875218783,814.0085049143729,-595.4776490486528,24192.230632424555,24259.323362101757
3111804,18.721525816238017,1486.0470903566352,4650.812288562931,494.50560273686284,-507.8583447704627,6123.506636885966,6142.228162702205
3112604,3.609287302063354,308.475814295021,1349.4018679987357,1040.0318192554341,-979.0200607512656,1718.889440797925,1722.4987280999885
3117306,92.49107331928197,7669.089735979725,24495.712721678297,1508.2423035006052,-909.6769386845209,32763.367822474105,32855.85889579339
3121258,10.616915875859451,889.7946310682512,2796.582281484529,74.2273836130437,-17.73403749662169,3742.870258669203,3753.4871745450623
3127107,136.27139115726214,11397.434836287572,35545.5169312052,1244.812109973771,-790.1677519670516,47397.5961254995,47533.867516656755
3133402,34.86760363659144,2937.526757524693,9150.429097934386,236.60459078411745,-508.40906734716316,11816.151378896033,11851.018982532625
3134202,42.02809198284174,3575.955590712392,11354.901859543774,875.2410676036059,-972.9041075389874,14833.194410320784,14875.222502303626
3134400,58.905200811257785,4928.358215786227,15294.133399668533,360.52513516654165,-279.86562111543685,20303.151129505866,20362.056330317122
3135050,29.995262156715604,2288.836103551705,7128.147423286359,265.96772803613453,-633.0635736050453,9049.887681269152,9079.88294342587
3136306,57.953934330054786,4649.227964189858,14495.487168446996,566.9891866938269,-1669.427536963131,18042.27678236755,18100.230716697602
3137205,17.6691544777821,1496.0482926297038,4693.105747183397,122.7718822482208,-80.10333764779068,6231.822584413531,6249.491738891314
3138625,52.847717408229585,4435.511392811443,13798.98789876464,316.9393297386523,-341.0856855783665,18210.35293573637,18263.2006531446
3143005,10.746700624827447,925.6559664431654,2948.982336927218,139.36078909398583,-144.9072949282674,3869.0917975361017,3879.8384981609292
3147006,44.45743283280597,3980.7182122942795,13691.179397182992,3066.454382252122,-4146.163984307312,16592.188007422083,16636.64544025489
3150703,28.122034820831974,2317.8613428890435,7317.097446462908,446.98458003452185,-282.7828645408685,9799.160504845604,9827.282539666436
3152006,30.13224627338902,2487.1811068540233,7760.807662059897,239.18974851333812,-480.35848911352,10006.820028313738,10036.952274587127
3157708,23.822497739163907,2175.571612795341,7105.592102247393,556.0065830742644,-524.9744581142199,9312.195840002778,9336.018337741942
3159803,97.69313157604634,8078.509979939309,25145.008659282077,696.8461111219833,-843.7057115589542,33076.65903878441,33174.35217036046
3166709,5.4981519657324505,417.49470096700037,1237.5724770694364,35.55320468448044,-76.31954923873053,1614.3008334821868,1619.7989854479192
3169604,31.56700140874806,3196.513146879347,10343.417697723176,1020.9571555527477,-1108.2931095831007,13452.59489057217,13484.161891980919
3170107,171.95024684664898,14650.528006779761,47609.3486966965,4053.128095545135,-3683.3962711272134,62629.60852789418,62801.558774740835
3170503,4.599651064957738,375.8434221126461,1165.664752930618,36.13175156799489,-44.02545127287279,1533.6144753383862,1538.2141264033442
3500105,77.12674302137168,2147.5809721609153,1213.0686201590345,115.44470975316823,-90.54887291789542,3385.545429155223,3462.672172176594
3501707,50.24996207047294,1409.2013012585915,801.552066238971,71.05743070105909,-11.420877252571323,2270.3899209460506,2320.6398830165235
3502101,176.5543892948002,4932.050198500989,2808.925622326633,288.6149868865815,-154.0585852985622,7875.532222415641,8052.0866117104415
3502804,146.13268000141986,4062.260338143265,2299.6902500577444,347.5125733282799,-268.48278069275494,6440.980380836534,6587.113060837954
3503208,251.41820502901868,7193.72949457124,4156.071051367404,395.37454489242276,-123.76494449518985,11621.410146335877,11872.828351364895
3503307,167.13468824985233,4711.130901641461,2699.7286933987334,288.4691814033968,-87.56421657781529,7611.7645598657755,7778.899248115627
3503703,54.6027292047098,1519.732199675251,869.6244924978278,74.71006118843965,-15.821440835504609,2448.245312526014,2502.8480417307233
3504404,73.54455587084499,2087.8697773924105,1261.1066311736313,131.26372664089357,-29.738413803044832,3450.5017214038908,3524.046277274736
3504503,52.35093330096187,1458.523164843922,865.2830628523614,234.5529788170504,-295.89017060251615,2262.469035910817,2314.819969211779
3505203,129.1142409878374,3592.3923546767683,2025.802133848021,229.04369097460227,-149.08349059073652,5698.154688908655,5827.268929896492
3505302,63.7154640888636,1774.479964611966,999.8667210003683,78.73454030511593,-2.1909429740313495,2850.8902829434187,2914.6057470322826
3505609,62.45709029250517,1749.427050894566,994.2825478616643,88.19811480823638,-30.085370793857148,2801.8223427706093,2864.2794330631145
3505906,286.1741233727116,7975.951541027023,4513.529146017508,431.97739086769667,-117.07391101410728,12804.38416689812,13090.558290270832
3506201,83.13866823518806,2305.668742540608,1274.9426750272455,129.85641915292308,-56.36344217863619,3654.1043945421407,3737.2430627773288
3506805,104.26998378415233,2901.1474064321105,1632.3910181098681,146.42311529385796,-37.248611429788234,4642.712928406049,4746.982912190201
3507902,168.8424083825081,4686.336919544035,2631.603243674709,285.81322007088824,-121.3173316305433,7482.436051659089,7651.278460041597
3508207,66.5887230231954,1856.4014350905788,1051.5683645214333,115.5641078307088,-55.26504860480789,2968.2688588379133,3034.857581861109
3508801,159.53268540560444,4426.362350088894,2519.3117152612617,266.88348547405667,-206.96431082222517,7005.593240001987,7165.125925407591
3510401,128.45236323485653,3578.7470355097134,2018.9865923099264,180.25322317731158,-7.996362298332381,5769.990488698619,5898.442851933475
3511003,144.54082778826358,4028.142223717434,2291.0792558952667,238.88662371624864,-191.38306826242913,6366.72503506652,6511.265862854783
3511102,93.0009253487365,2600.990973829666,1483.2480717859391,127.59033412379651,-23.36621785059148,4188.463161888811,4281.464087237547
3511409,89.71672149356137,2461.4347736356567,1408.64415338172,216.43242065482227,-200.11953867198793,3886.3918090002107,3976.108530493773
3511508,28.439869867447175,806.6355282714752,480.581566283486,48.46324462528241,-35.1463009601715,1300.5340382200723,1328.9739080875195
3511904,29.200528928310142,812.8454303101712,464.64128707676645,50.981558134980894,-31.440106939741778,1297.0281685821767,1326.2286975104869
3512001,166.88655374101802,4644.944120795943,2628.61043408858,268.05482859952434,-107.60477987758388,7434.004603606463,7600.891157347482
3512100,222.17696470651356,6200.164410154746,3516.7208354304203,418.9766742715373,-155.51833281965781,9980.343587037045,10202.520551743559
3513702,179.4096696210069,5101.033475504667,2973.7615435282355,293.18482795673856,-28.378004865885995,8339.601842123755,8519.011511744762
3515509,78.5263999514428,2187.7847472658827,1236.6094299843576,127.37246604572785,-94.89613963935054,3456.8705036566175,3535.3969036080603
3516903,48.664702013629174,1398.8408509208143,810.8662391322575,109.51230138624268,-126.7117786171993,2192.507612822115,2241.1723148357446
3517406,381.4139426212936,10626.383058148574,6096.559970799496,996.2361009366762,-922.0216009018602,16797.157528982887,17178.57147160418
3517901,259.83249079865004,7285.460473773881,4191.933622813428,354.8404495093192,-80.61108331975635,11751.623462776872,12011.455953575522
3518206,236.16724397077337,6566.5458127628535,3702.6573078515835,435.88070793590924,-233.80073234825946,10471.283096202085,10707.45034017286
3518602,134.80099112825027,3755.533058095843,2119.4627886545168,202.20358043127004,-142.45833097864872,5934.741096202982,6069.542087331231
3519105,125.89402958618305,3578.1853682600554,2086.0526762894715,190.69786294966357,-64.05823640172319,5790.877671097468,5916.771700683651
3519303,100.42167014414785,2841.2387361771143,1643.9745605929043,144.01859053968366,-11.99116297388552,4617.240724335817,4717.662394479965
3520103,153.5519736309412,4311.378870309441,2462.6231909035923,245.25793472287305,-79.41466624193927,6939.845329693967,7093.3973033249085
3520905,97.03743242186333,2697.929706329254,1518.5203535626895,156.3201002133712,-47.02787976422658,4325.742280341087,4422.779712762951
3521408,53.48921990061373,1491.9614399188147,843.4172985972708,70.0025695108678,-6.464315672584703,2398.9169923543686,2452.4062122549826
3521804,121.04605580657598,3340.1831748782247,1962.161702196662,597.2384408453489,-832.2793256001763,5067.3039923200595,5188.350048126636
3522307,67.72041449486393,1845.5122450378046,1136.927951838182,652.4328385919024,-1164.493802626398,2470.379232841491,2538.099647336355
3522703,182.07426773982593,5052.093231253987,2866.507933048959,494.2235387336676,-348.5966117105781,8064.228091326035,8246.302359065861
3524303,358.0011392248597,9989.543037934955,5669.720973027219,557.2214482562473,-395.03584603474434,15821.449613183675,16179.450752408535
3526001,129.3974907395386,3603.0141062564103,2000.8379114436561,212.42234996846275,-120.36365170491318,5695.910715963616,5825.308206703155
3526704,132.6116993662486,3694.644329031301,2126.940265437956,246.75757827561264,-189.67336332291117,5878.668809421959,6011.280508788207
3526803,218.67441486552582,6104.645511896897,3446.2032360368826,306.6982573541219,-60.276492764863804,9797.270512523039,10015.944927388564
3527405,42.75602750052469,1191.2974656838023,672.2421426544857,62.33575088938779,-59.22909498731482,1866.646264240361,1909.4022917408859
3527603,190.41597292742722,5455.533408575825,3103.5837490223466,276.00283903064366,-37.90456030056221,8797.215436328253,8987.63140925568
3528007,89.76240597878069,2500.8254905318126,1414.226044732931,113.71296173630301,-19.7425014206084,4009.021995580438,4098.78440155922
3528809,101.81538373268998,2841.845085256378,1737.8239888273058,698.1342156880154,-945.1768625389292,4332.62642723277,4434.44181096546
3528858,30.09772536467495,838.5548930908819,473.1194310794405,45.536116562264986,-13.095590333532138,1344.1148503990555,1374.2125757637305
3529203,172.49181819267653,4463.954748361845,2389.8701692482828,301.1045145877035,-542.5385782198275,6612.390853978004,6784.882672170681
3529500,46.05173419795067,1292.52783522696,738.1346649889385,73.74780573024611,-64.46030218942435,2039.9500037567202,2086.0017379546707
3529609,33.505528436121786,932.5714120300707,527.145675474287,56.875927693757575,-37.58428999826037,1479.008725199855,1512.5142536359767
3530102,142.75574020725452,3926.9820894516256,2204.432626298582,210.31786499741585,-191.01208195426236,6150.720498793361,6293.476239000615
3530201,111.96595531547925,3108.10570666351,1775.9672908743144,186.70649285761428,-367.48428968642565,4703.295200709013,4815.261156024492
3530508,124.52043420871644,3469.2015278073295,1999.7758802449184,264.62149366376923,-259.45291691182155,5474.145984804195,5598.666419012911
3531407,101.7004791297967,2848.269262815544,1607.1770282475998,183.81076109653625,-144.03656219835938,4495.220489961321,4596.9209690911175
3531902,588.3199865475938,16430.850760828896,9323.964949112995,969.2069672252026,-385.8286285794865,26338.194048587608,26926.514035135206
3532207,131.91432748237838,3624.5257281758954,1988.988929996826,171.70727480587024,-38.29244490848056,5746.929488070111,5878.843815552489
3532900,46.02215369188255,1273.9296103118206,723.2638775696962,81.33801038415018,-37.661823627024084,2040.869674638643,2086.891828330525
3533205,48.55799179286891,1355.5035744065065,771.4176476939112,75.36154364258272,-30.953124953508947,2171.3296407894914,2219.8876325823603
3533502,263.420560371455,7351.0934431180685,4167.927589555973,364.7793859248257,-186.15583424006144,11697.644584358804,11961.065144730259
3533908,256.9752293586004,7187.409803508987,4069.6668705270095,403.09481451551284,-104.19330207116923,11555.97818648034,11812.95341583894
3534005,48.9384151785687,1368.5546777627067,781.0147461045236,87.11024586844343,-36.782249245784776,2199.897420489889,2248.8358356684575
3534203,66.28160827886306,1900.71660928799,1118.076526457582,127.96078321883783,-34.436241792133025,3112.3176771722765,3178.5992854511396
3534708,99.039447015895,2760.816269219728,1575.4007677660327,212.33733994038974,-119.17745089924537,4429.376926026905,4528.4163730428
3534757,41.95761385787744,1171.7179709871975,665.8036302020466,86.65122543798182,-70.00957222451434,1854.1632544027116,1896.120868260589
3535002,213.21242456699215,6046.029478266777,3506.912173165961,305.87481050217866,-156.14241027589912,9702.674051659018,9915.88647622601
3535507,264.223413194946,7354.932577853611,4114.6714035975765,485.26257787705737,-353.83064431434457,11601.035915013901,11865.259328208847
3535705,47.43795422338172,1330.5566283231844,751.6147088867843,71.68073857603693,-21.471719717525733,2132.38035606848,2179.8183102918615
3536000,40.27864463986802,1129.161104396931,649.8427096076686,100.07601875647123,-164.1604135752539,1714.9194191858169,1755.198063825685
3536307,111.74472631374663,3114.1231326033276,1766.392204571673,197.0529729802465,-75.64904046716227,5001.919269688085,5113.663996001831
3536406,67.65585494750559,1875.2706098274966,1056.3299894293755,101.40015645605904,-46.297378043017346,2986.7033776699136,3054.359232617419
3537404,142.69915711950645,3972.663694737855,2249.6703194354213,237.91675516118485,-207.30055113582708,6252.9502181986345,6395.64937531814
3539301,141.05530562075631,3933.7646113452115,2265.7247705576556,339.63216747863936,-244.80674704881017,6294.314802332697,6435.370107953452
3539509,217.77071988047757,6076.478818583937,3443.7678323049254,295.54375213218583,-70.42117901173351,9745.369224009315,9963.139943889792
3539608,64.1340907786331,1803.3120788708313,1034.2773671651416,102.02482548773911,-50.513696412321785,2889.1005751113908,2953.2346658900237
3540200,156.55621390700216,4361.73436051096,2461.1396830938916,236.95961135573148,-88.1841324261952,6971.649522534389,7128.205736441391
3540309,60.39177911119002,1689.9880679554294,968.1435249294303,112.66913324711985,-88.3622237774025,2682.4385023545774,2742.8302814657673
3540804,105.78157364635229,2995.3540422293077,1722.1399904667076,152.3724854219443,-91.72079129986915,4778.14572681809,4883.927300464443
3540903,91.5851966326141,2558.91368438148,1458.091961643187,123.94178581326864,-18.89891422311507,4122.04851761482,4213.633714247434
3541406,26.40038547674614,746.0201356972123,423.31326465330585,49.69315896537555,-130.6652598918552,1088.3612994240384,1114.7616849007845
3541604,109.41547183040858,3037.882100614227,1773.3294814202638,211.41813345691685,-193.45660940297026,4829.173106088437,4938.588577918846
3541703,149.65512468289737,4144.015744500457,2330.3328662009485,239.09018161292246,-153.2947275422031,6560.144064772125,6709.799189455023
3541802,66.76212744147983,1891.4360707631438,1093.7582698648089,102.82779773611006,-51.569326742400044,3036.4528116216625,3103.2149390631425
3542107,37.70220608706193,1050.3835085139851,592.6779088474618,56.68539185555658,-4.916230014528095,1694.8305792024755,1732.5327852895375
3544004,80.96274403884199,2252.7913492779567,1266.0893460707032,132.92222099499367,-9.328975743516178,3642.473940600137,3723.4366846389794
3545506,129.16822634005882,3722.77867587576,2303.85652348432,269.05599511985463,-73.31359766024516,6222.37759681969,6351.545823159749
3545704,38.0201273121293,1050.9834101780305,601.6684858166951,45.933366181457984,-57.703672730632775,1640.881589445551,1678.9017167576803
3547502,102.45528350397518,2877.3135065557262,1642.2997029897456,170.31378550025545,-80.76248827840456,4609.164506767323,4711.6197902712975
3549102,52.07623205549314,1447.7255660797605,843.7725897418013,154.2925721065276,-216.06403591583575,2229.726692012254,2281.802924067747
3549409,149.70484865924251,4170.5537514547395,2357.3532896639413,264.1874360951081,-116.96170238043474,6675.132774833353,6824.837623492596
3550100,161.63412566479573,4467.181159111118,2505.1437886881076,268.45616874070214,-21.33340685426694,7219.447709685661,7381.0818353504565
3551306,40.46226912918998,1133.1274042838068,644.4392027642775,60.538081169133925,-25.258127285222542,1812.8465609319956,1853.3088300611855
3551504,40.97773910222475,1138.616861718416,644.8451007485598,63.558260304309485,-20.15767188447169,1826.8625508868136,1867.8402899890384
3551702,181.71766724808808,5082.990371593979,2877.5875504335067,263.42847409904806,-128.71335579508738,8095.293040331446,8277.010707579535
3551900,43.24325768628459,1207.9900738193874,687.5004469968331,70.90253747071198,-17.357533214755506,1949.0355250721768,1992.2787827584616
3552304,73.12237209117043,2069.4993614073055,1187.3546587108115,129.45692255011923,-97.27993945871361,3289.031003209522,3362.1533753006925
3552551,47.68167084834613,1338.0694552550817,771.9572744654904,80.29933870273364,-100.08949141403306,2090.2365770092724,2137.918247857619
3553401,172.9512384928655,4831.396112817294,2753.8086541408256,275.17547113918613,-141.61920335897895,7718.761034738327,7891.712273231193
3553955,130.9962991386761,3664.460809561659,2130.2379302647937,265.1408120085407,-180.90198767842423,5878.937564156569,6009.933863295245
3555356,84.30828070220372,2370.669094766264,1365.3453211922897,119.10919321220106,-73.63934707688362,3781.4842620938716,3865.7925427960754
3556305,273.60459247177386,7715.507552472409,4443.518490371884,367.1561689021884,-48.40940863765239,12477.77280310883,12751.377395580603
3556909,32.371152555196005,906.0010280556979,504.13259485728815,49.961484588359745,-14.559814421203132,1445.5352930801428,1477.9064456353387
4102109,40.11621311588142,311.4980000940865,1513.4878199578013,293.56647002253095,-808.2299646269558,1310.3223254474633,1350.4385385633445
4102406,166.95769553911975,1251.687121417456,4221.462311316962,234.23936974835095,-513.4932696921813,5193.895532790588,5360.853228329707
4105607,120.69846294420375,919.0056585812486,2937.6418089463045,48.232538798314444,-120.3529615276915,3784.527044798176,3905.22550774238
4105904,345.8262476872804,2631.9631266610268,8289.299890441738,99.61579492827049,-94.88765531035315,10925.991156720682,11271.817404407962
4108007,132.86183975284888,999.6092233266111,3395.1496095317775,131.60252347633104,-319.2314357101125,4207.129920624608,4339.991760377457
4111555,245.56145402390345,1851.2463616015614,6103.539568851539,88.01276644655331,-99.86906845777688,7942.929628441877,8188.491082465779
4111803,549.2196960395736,4063.353701761607,12935.699751602073,180.4904627328517,-263.5002448133496,16916.043671283183,17465.263367322757
4113007,88.26928901260968,692.3936083276398,2417.3767678186505,163.3931324992679,-379.97309631402027,2893.190412331538,2981.459701344147
4115200,27.33153275631669,201.83162761847294,1243.6269428051069,319.01768552311455,-898.1759971579769,866.3002587887175,893.6317915450342
4117107,92.22579375597208,720.9801617417348,2278.5115452021805,34.14596539681702,-95.60058766271582,2938.037084678016,3030.2628784339886
4118105,293.6187866508279,2373.001880881239,7578.061674598117,90.74112430692097,-72.65249707872292,9969.152182707554,10262.770969358382
4122602,281.1141337612989,2182.4291260071145,6907.0984455695225,95.73627703700609,-82.5781415416952,9102.685707071947,9383.799840833246
4124509,220.76602038032198,1749.8113656349904,5621.63610413859,74.41787870447244,-132.34446024280555,7313.520888235247,7534.286908615569
4124608,199.03380031440096,1567.2850129336423,5047.4462749962395,82.85847897449956,-121.31699600715521,6576.272770897225,6775.306571211627
4125803,157.72318802565746,1187.1715245437003,3885.8695707626903,143.50540958800343,-295.67151482579885,4920.874990068595,5078.598178094252
4126801,380.09922495668366,2819.43361661834,8794.511994613084,114.75736888542471,-141.89182237280923,11586.81115774404,11966.910382700722
4127304,170.32033515828795,1355.5703570131298,4373.3477745285245,63.12136887808685,-235.3085218687892,5556.730978550952,5727.05131370924
5000856,87.94356279333509,8425.273226483223,9824.332892910947,397.65765459984544,-323.37395578753836,18323.88981820648,18411.833380999815
5001003,34.83907257605382,3073.809702845343,3551.419582092796,213.90032742707768,-690.6408975418902,6148.488714823327,6183.327787399381
5002001,10.199704493819375,1157.4560616104836,1553.5649600850381,457.46043476148384,-977.4440517167578,2191.0374047402483,2201.2371092340672
5002407,36.471797347016185,3477.3043820922408,5025.938324874708,2193.935619229054,-3317.8466431554293,7379.331683040573,7415.803480387589
5003256,95.76635542637656,8283.290310948092,10533.803713356818,2057.2921121186296,-3468.190370752814,17406.195765670727,17501.9621210971
5003801,3.85721547789087,335.7774072673884,630.5697323908249,243.09936927206377,-370.5623733663571,838.8841355639199,842.7413510418107
5004700,80.70889030198222,8388.106917107347,9923.982984240245,643.0710107548484,-891.2999527453497,18063.86095935709,18144.569849659074
5005707,3.9520783902308247,743.8789047167236,1636.334691575094,1840.0277204269582,-3055.399191616417,1164.8421251023583,1168.79420349259
5006002,144.96058410914645,14131.644675435453,16757.381213575285,1308.8769461239067,-1651.873036906712,30546.02979822793,30690.990382337077
5006200,55.36905167571569,5166.963128522569,6140.548470309464,641.6323724347283,-1808.4263584034543,10140.717612863305,10196.086664539022
5006275,25.37689669795146,2512.712767876241,2970.971185503157,868.7292246477979,-2365.7683741450387,3986.644803882157,4012.0217005801082
5006606,77.687860086102,6990.850258434682,10030.48217572519,4664.9678507703775,-7306.78634461171,14379.51394031854,14457.201800404642
5007208,175.62179233517497,17931.620376834053,23349.11515828057,3224.2752764287648,-4261.503687275085,40243.507124268304,40419.12891660348
5007935,29.222531376761765,2523.8086200105517,3257.6206011376503,1127.2453749134927,-2333.9614241996446,4574.713171862051,4603.9357032388125
5008404,13.660092468112026,1295.9032571481791,1569.2886511109984,179.33406947368738,-244.26483678539483,2800.2611409474703,2813.9212334155823
5100607,298.73542522202405,7622.224133110383,35628.67138661741,902.4285130954862,-1838.6260216609398,42314.69801116235,42613.433436384366
5101704,315.88516919228204,8129.326176171556,35841.06614064944,290.1147576776095,-1013.4075734831639,43247.099501015444,43562.98467020773
5102637,230.8018397078724,5781.303258669612,36957.90684753507,5329.618295815023,-11457.605875335468,36611.22252668424,36842.024366392114
5105234,54.8908004922264,1584.9090200699,6570.151932108003,60.32005564995392,-457.23044294274433,7758.1505648851125,7813.041365377339
5105622,24.346063236750982,664.9276989721411,2915.309524708845,59.39516028890524,-404.3481092752903,3235.2842746946008,3259.6303379313517
5106232,142.9180122515767,3532.719785961812,15810.920502825036,127.44287571908818,-238.4382724285761,19232.64489207736,19375.562904328937
5107925,0.32064327548763205,5.922526128858409,27432.468776816222,9225.4588974325,-24179.969285737017,12483.880914640562,12484.20155791605
5201306,43.62085798475814,1404.7812982806265,2348.1890922128437,101.94287680317642,-358.4214571514544,3496.491810145192,3540.11266812995
5204250,94.43549757776,2834.4559320582302,4609.543272986489,189.70250103531606,-248.66248763455675,7385.039218445479,7479.474716023238
5204300,135.15015966951756,3982.348147719942,6416.200447486327,159.18938869982978,-643.1736167275267,9914.564367178573,10049.714526848089
5205000,39.96542984790174,1139.3000683996247,1914.8817530519598,56.5431823742972,-155.63707830057496,2955.0879255253067,2995.0533553732084
5205471,121.87044680448942,3626.058386973072,7493.6831226172035,1868.8608757643724,-3754.3451726515905,9234.257212703058,9356.127659507547
5207402,165.25906871900327,5271.0498949755565,8559.863911484188,394.41225531454603,-574.1231015650321,13651.202960209259,13816.462028928263
5208608,119.47828898496579,3567.67208541169,5792.237494570786,158.42011884736485,-405.9147808813425,9112.414917948498,9231.893206933464
5209101,320.9212273446944,9620.108741682083,15737.619460740718,1160.4413621428898,-1673.738541716864,24844.43102284883,25165.352250193522
5210000,57.46607018786511,1701.2423245161049,2788.550909702904,90.78189695369839,-222.7700174655861,4357.805113707121,4415.271183894986
5210109,36.428721344866105,918.2779669824652,1986.2149577813736,1103.9654207792164,-2911.030836140717,1097.4275094023383,1133.8562307472043
5210901,38.127193588574954,1137.097018384382,1850.1083053967527,59.34987751164917,-244.08552045112688,2802.469680841657,2840.5968744302318
5211503,328.02125070967696,9806.14220825452,15957.967592123943,630.753645737242,-864.2052530812098,25530.658193034495,25858.679443744168
5211701,54.54357463119355,1624.1166291227942,2682.8446161962333,154.13394937387616,-419.80779540098996,4041.2873992919135,4095.8309739231067
5211909,186.34711426524436,6039.378855797122,15239.95971567483,4788.3815875791,-12428.542472069863,13639.17768698119,13825.524801246434
5213103,230.4459357757618,6856.546768094537,12695.402051276353,1789.3469599624075,-4990.009633582823,16351.286145750473,16581.732081526236
5213707,15.515984562591042,444.95092052843887,740.64573400994,340.3463750666291,-1326.6908519815047,199.25217762350348,214.7681621860943
5213806,124.92024318959265,3619.1981516034602,5979.384427423189,499.9711451505469,-1477.1140463894237,8621.439677787772,8746.359920977364
5216403,92.01593089963507,2648.069670090666,5120.024674747017,1671.8317817565107,-3550.0478446536517,5889.878281940543,5981.894212840177
5216452,31.596041764126888,940.0892114374634,2258.1201354290906,902.0974371778871,-1895.5857458907333,2204.721038153708,2236.3170799178342
5218508,510.7880654296644,14769.484374567734,23765.734802390412,728.0069919644449,-1259.9358084659038,38003.29036045669,38514.07842588635
5218904,34.130713335754635,1063.71401549208,1735.5104952189402,38.8405300812085,-209.8035491527071,2628.2614916395214,2662.3922049752764
5219308,186.95811949112954,5583.840813337363,9511.151524219398,922.4299479093144,-1460.0991804416747,14557.323105024401,14744.281224515531
5219712,43.54831157694175,1239.7254867046806,2042.4392138193673,116.42162455063843,-206.42905263039822,3192.1572724442885,3235.70558402123
5221551,127.0072025962043,3865.9864614934304,6289.708715165612,420.4797736657331,-558.9685463845033,10017.206403940272,10144.213606536476
5221601,34.468409197229334,1025.5518670226875,1671.1772572347174,226.01862851409098,-647.89546318867,2274.8522895828255,2309.320698780055
5222203,54.36993000285565,1619.8426902871236,2666.439128231489,82.51490127737476,-302.4982114281215,4066.2985083678655,4120.668438370722
