geocode,delta_queima,delta_cana_dir,delta_fert_n,delta_calagem,delta_res_outros,balanco_liquido_total,balanco_so_robustos
3103751,18.71663108428679,1521.254324236923,4776.116461739051,138.25015211423514,-40.589887844184034,6413.747681330312,6395.031050246025
3105103,21.481617113121473,1668.7182634965511,5589.328880293946,451.5322020727396,-655.9008697537118,7075.1600932226465,7053.678476109525
3111408,68.17974638848865,5614.87038042166,17656.303395358893,814.0085049143729,-578.0277545710366,23575.334272512377,23507.15452612389
3111804,19.02484648184479,1442.499922873657,4514.524748971343,494.50560273686284,-492.9760489530132,5977.579072110694,5958.554225628849
3112604,3.667763915432035,299.4362299933354,1309.8589561159888,1040.0318192554341,-950.330828201778,1702.6639410784128,1698.9961771629805
3117306,93.9895865386242,7444.354505621345,23777.889638259152,1508.2423035006052,-883.0197390161101,31941.456294903615,31847.466708364995
3121258,10.788928030304879,863.7200631248592,2714.6311523567774,74.2273836130437,-17.214358742141933,3646.1531683828434,3635.3642403525387
3127107,138.4792202345872,11063.444071854236,34503.8900614263,1244.812109973771,-767.0126530083102,46183.61281048058,46045.13359024599
3133402,35.43251831539347,2851.4453873408193,8882.284655504074,236.60459078411745,-493.5106331391877,11512.256518805218,11476.824000489825
3134202,42.70901879188212,3471.165683292249,11022.157482707325,875.2410676036059,-944.3940970616545,14466.879155333407,14424.170136541525
3134400,59.85956558329332,4783.937462210074,14845.953666344914,360.52513516654165,-271.6644307530797,19778.611398551744,19718.75183296845
3135050,30.48123658912716,2221.763983301106,6919.263982310935,265.96772803613453,-614.5122600928096,8822.96467014449,8792.483433555364
3136306,58.89288696180431,4512.986851686125,14070.710987686645,566.9891866938269,-1620.5065834990098,17589.07332952939,17530.180442567587
3137205,17.955424931884792,1452.20804962224,4555.5788388410265,122.7718822482208,-77.75598709400927,6070.758208549363,6052.802783617478
3138625,53.70394061233186,4305.533036978141,13394.621953013297,316.9393297386523,-331.0905006529931,17739.707759689427,17686.003819077097
3143005,10.92081551367759,898.5305168770653,2862.565272108838,139.36078909398583,-140.6609273113218,3770.716466282245,3759.7956507685676
3147006,45.17771910916914,3864.067129150125,13289.972674921219,3066.454382252122,-4024.664673411859,16241.007232020776,16195.829512911609
3150703,28.57765977382983,2249.938666174346,7102.677008471321,446.98458003452185,-274.4961871916855,9553.681727262332,9525.104067488503
3152006,30.620440082247494,2414.296678814345,7533.384726907959,239.18974851333812,-466.2820498720982,9751.209544445792,9720.589104363544
3157708,24.208462854485422,2111.8185985009723,6897.3696230606565,556.0065830742644,-509.5905912097739,9079.812676280606,9055.604213426119
3159803,99.27592701621046,7841.777086754275,24408.158588680406,696.8461111219833,-818.9817346634537,32227.07597890942,32127.800051893206
3166709,5.587231409909307,405.26042401558647,1201.3066169355336,35.55320468448044,-74.08307893136846,1573.6243981141415,1568.0371667042323
3169604,32.07844069914001,3102.8424319524797,10040.31388240528,1020.9571555527477,-1075.8156558224237,13120.376254787223,13088.297814088084
3170107,174.73613427039396,14221.208504749586,46214.202947342754,4053.128095545135,-3575.457918859749,61087.81776304812,60913.08162877773
3170503,4.674173261293454,364.8296954573305,1131.5060788520652,36.13175156799489,-42.735328158649416,1494.4063709800346,1489.732197718741
3500105,78.37632787139678,2084.648196419936,1177.5208217660957,115.44470975316823,-87.89542609246259,3368.0946297181345,3289.7183018467376
3501707,51.064097205158966,1367.9060250312334,778.0633610011989,71.05743070105909,-11.086199530884251,2257.004714407766,2205.9406172026074
3502101,179.41487168295293,4787.5212549551725,2726.6127835771345,288.6149868865815,-149.54404800043585,7832.619849101406,7653.2049774184525
3502804,148.50027878583555,3943.219742153719,2232.3000595798617,347.5125733282799,-260.61515341970716,6410.91750042799,6262.417221642154
3503208,255.49160898356803,6982.9242346570645,4034.2814234885054,395.37454489242276,-120.13813293489125,11547.933679086667,11292.4420701031
3503307,169.84255540680996,4573.075783644641,2620.6157646544484,288.4691814033968,-84.99823220923462,7567.005052900061,7397.162497493252
3503703,55.48738659475831,1475.1979227616905,844.1409908861698,74.71006118843965,-15.357808869629016,2434.1785525614296,2378.691165966671
3504404,74.73610317620141,2026.686780252706,1224.1511254982136,131.26372664089357,-28.866958453505056,3427.97077711451,3353.2346739383083
3504503,53.199107754788216,1415.78255928073,839.9267826222556,234.5529788170504,-287.2193963724058,2256.2420321024183,2203.04292434763
3505203,131.20611201908508,3487.1207838437495,1966.4379687535734,229.04369097460227,-144.7147436137186,5669.093811977292,5537.887699958206
3505302,64.74776333447936,1722.480551729564,970.5665973080498,78.73454030511593,-2.126739516916878,2834.402713160292,2769.6549498258128
3505609,63.46900173526554,1698.16178932989,965.1460629426412,88.19811480823638,-29.203748206491372,2785.7712206095416,2722.302218874276
3505906,290.81063251373246,7742.224023341249,4381.26455565802,431.97739086769667,-113.64317369501256,12732.633428685685,12441.822796171953
3506201,84.48565653273833,2238.1033581438137,1237.5817175172897,129.85641915292308,-54.71176621735748,3635.3153851294073,3550.829728596669
3506805,105.95933545316986,2816.1320978187155,1584.5553838795424,146.42311529385796,-36.15707702891532,4616.912855416371,4510.953519963201
3507902,171.57794351975707,4549.008365125162,2554.4866651054867,285.81322007088824,-117.76224498935521,7443.123948831939,7271.546005312181
3508207,67.66757396662557,1802.0013930366424,1020.753174352307,115.5641078307088,-53.64556000100399,2952.34068918528,2884.6731152186544
3508801,162.1173871440329,4296.652098071638,2445.4857309312615,266.88348547405667,-200.89942259300247,6970.2392790279855,6808.121891883952
3510401,130.53351071704336,3473.8753275094286,1959.822150044434,180.25322317731158,-7.762036663216414,5736.722174785001,5606.188664067958
3511003,146.88263585040687,3910.1014259528206,2223.941402242658,238.88662371624864,-185.77477322177188,6334.037314540362,6187.154678689955
3511102,94.50769904099386,2524.771458113046,1439.782926825179,127.59033412379651,-22.681493517973415,4163.970924585042,4069.463225544048
3511409,91.1702854790289,2389.304816899081,1367.3652038320724,216.43242065482227,-194.25522984643516,3870.017497018569,3778.8472115395402
3511508,28.900644290570423,782.9978571133367,466.4985899821384,48.46324462528241,-34.116372726906405,1292.7439632844216,1263.8433189938512
3511904,29.673627326247487,789.0257840007156,451.02542518440697,50.981558134980894,-30.51878512465777,1290.187609521693,1260.5139821954456
3512001,169.59040069550295,4508.82854216456,2551.581556899171,268.05482859952434,-104.45152625479754,7393.603802103961,7224.013401408458
3512100,225.77661066906757,6018.474610589772,3413.666745014877,418.9766742715373,-150.96101903739677,9925.933621507857,9700.15701083879
3513702,182.3164124228428,4951.552641057644,2886.6183481134885,293.18482795673856,-27.546414979706185,8286.125814571007,8103.809402148165
3515509,79.79866163218232,2123.673838921095,1200.371791010457,127.37246604572785,-92.11530038251975,3439.1014572269423,3359.30279559476
3516903,49.45315323022426,1357.8491776337576,787.1045910990779,109.51230138624268,-122.99861294343522,2180.920610405867,2131.467457175643
3517406,387.5934993563141,10314.987217616748,5917.906198761416,996.2361009366762,-895.002652890084,16721.720363781067,16334.126864424756
3517901,264.04222054124153,7071.967126557064,4069.093077089957,354.8404495093192,-78.24885377192466,11681.694019925657,11417.651799384415
3518206,239.99355633114735,6374.1195618394,3594.1545295995224,435.88070793590924,-226.94942883622255,10417.198926869756,10177.20537053861
3518602,136.98499721593836,3645.4808073091517,2057.3539889869853,202.20358043127004,-138.2837278730473,5903.739646070298,5766.754648854359
3519105,127.933727697588,3473.3301193733137,2024.9229275337361,190.69786294966357,-62.18107196504266,5754.703565589258,5626.76983789167
3519303,102.0486725652351,2757.978992992437,1595.799481894211,144.01859053968366,-11.639773582709388,4588.205964408857,4486.157291843622
3520103,156.03977763282302,4185.03809755312,2390.4584087525714,245.25793472287305,-77.08749653521578,6899.706722126171,6743.666944493349
3520905,98.6096044168106,2618.86949515477,1474.0215886231235,156.3201002133712,-45.64977339750932,4302.171015010566,4203.561410593756
3521408,54.35583653978579,1448.240958162952,818.7017733636511,70.0025695108678,-6.274885176684784,2385.026252400572,2330.6704158607863
3521804,123.00720846991712,3242.3023492407674,1904.662458176247,597.2384408453489,-807.890187853651,5059.32026887863,4936.313060408713
3522307,68.81760077131221,1791.431300128272,1103.611381820946,652.4328385919024,-1130.3694421098735,2485.9236792025595,2417.1060784312467
3522703,185.02418157819528,4904.046543158633,2782.5077005786598,494.2235387336676,-338.38132638572597,8027.420637663428,7842.396456085235
3524303,363.8013685920346,9696.809176017447,5503.57530348796,557.2214482562473,-383.4597040264002,15737.947592327288,15374.146223735253
3526001,131.49395090011592,3497.4312753038416,1942.2052986540984,212.42234996846275,-116.83651172821243,5666.716363098306,5535.22241219819
3526704,134.7602351914711,3586.376363345402,2064.6123455716424,246.75757827561264,-184.1151695259028,5848.391352858225,5713.631117666754
3526803,222.21731354372292,5925.75480092556,3345.2155954204172,306.6982573541219,-58.51014865453813,9741.375818589286,9519.158505045561
3527405,43.448748107138506,1156.3876498395884,652.5427392067353,62.33575088938779,-57.49344385215541,1857.2214441906945,1813.7726960835562
3527603,193.50103662455456,5295.664297701808,3012.6362398934866,276.00283903064366,-36.79380395475819,8741.010609295734,8547.509572671179
3528007,91.21671013086717,2427.541227073005,1372.7835232755558,113.71296173630301,-19.16396658044405,3986.0904556352866,3894.8737455044197
3528809,103.46496669221685,2758.5675736005132,1686.8987437334654,698.1342156880154,-917.4793720615979,4329.586127652613,4226.121160960396
3528858,30.585359875903986,813.9818559307096,459.2551254067829,45.536116562264986,-12.71183677064475,1336.6466210050169,1306.0612611291128
3529203,175.28647999639261,4333.142887603989,2319.8373437758055,301.1045145877035,-526.6400118251073,6602.731214138783,6427.44473414239
3529500,46.79785087702782,1254.6515616671957,716.5043451357828,73.74780573024611,-62.57135560511888,2029.1302078051333,1982.3323569281058
3529609,34.048375172360366,905.2433120438416,511.69818315269623,56.875927693757575,-36.48291886278021,1471.3828791998756,1437.334504027515
3530102,145.06862680441932,3811.905691225937,2139.83386801877,210.31786499741585,-185.41465830725102,6121.711392739291,5976.642765934872
3530201,113.77999485610968,3017.0256859554215,1723.924293339536,186.70649285761428,-356.71551929268423,4684.720947715998,4570.940952859888
3530508,126.53787773103195,3367.5399445748803,1941.1743892487304,264.62149366376923,-251.84990103162167,5448.02380418679,5321.485926455758
3531407,103.34820043867751,2764.8034968722313,1560.0802655150694,183.81076109653625,-139.815710558847,4472.2270133636675,4368.87881292499
3531902,597.8517742694368,15949.360628643433,9050.735207014446,969.2069672252026,-374.5222951412598,26192.63228201126,25594.78050774182
3532207,134.0515646930506,3518.3125200242207,1930.7035401068092,171.70727480587024,-37.17032198075952,5717.604577649191,5583.55301295614
3532900,46.76779111628368,1236.5983396799725,702.069331706848,81.33801038415018,-36.558180443814585,2030.2152924434397,1983.4475013271563
3533205,49.344714121791824,1315.7818579403818,748.8120023402436,75.36154364258272,-30.04607367282004,2159.2540443721796,2109.909330250388
3533502,267.6884229639942,7135.676785444279,4045.7905173345525,364.7793859248257,-180.70071821837465,11633.234393449275,11365.54597048528
3533908,261.13866659008386,6976.789736006893,3950.4092332954488,403.09481451551284,-101.1400184939921,11490.292431913946,11229.153765323863
3534005,49.73130101551416,1328.4505113813818,758.1278670977977,87.11024586844343,-35.70438113601819,2187.715544227119,2137.9842432116047
3534203,67.3554834393585,1845.0179540707595,1085.3123791621217,127.96078321883783,-33.42712115353572,3092.2194787375415,3024.8639952981835
3534708,100.64405506360724,2679.913228363472,1529.2351775018267,212.33733994038974,-115.68507138571437,4406.444729483581,4305.800674419974
3534757,42.637398801025874,1137.3819132293308,646.2929011118767,86.65122543798182,-67.95800966848462,1845.0054289117306,1802.3680301107047
3535002,216.66682968172918,5868.856453262622,3404.1455160768487,305.87481050217866,-151.5668085095724,9643.976801013805,9427.309971332077
3535507,268.5042833732554,7139.40341806303,3994.0949522101014,485.26257787705737,-343.46198074469345,11543.80325077875,11275.298967405495
3535705,48.20653003238868,1291.5659578961315,729.5893694322266,71.68073857603693,-20.842511813715454,2120.2000841230683,2071.9935540906795
3536000,40.93122741660445,1096.0721343047132,630.7996998023157,100.07601875647123,-159.34985200528308,1708.5292282748217,1667.5980008582171
3536307,113.55518156703234,3022.866777069164,1714.6297956464957,197.0529729802465,-73.43221876849084,4974.672508494447,4861.117326927415
3536406,68.7519952491189,1820.3176249241267,1025.375264464412,101.40015645605904,-44.94067832014505,2970.9043627735714,2902.1523675244525
3537404,145.01112697409343,3856.2486414122036,2183.7459144702807,237.91675516118485,-201.22580971060137,6221.696628307161,6076.685501333067
3539301,143.34064227590997,3818.489457899198,2199.329905486369,339.63216747863936,-237.63292295946775,6263.159250180649,6119.818607904739
3539509,221.29897715780484,5898.41350521884,3342.8515588307882,295.54375213218583,-68.35755471834938,9689.75023862127,9468.451261463464
3539608,65.17317249098944,1750.4677688672905,1003.9688728892401,102.02482548773911,-49.03344157240027,2872.601198162859,2807.42802567187
3540200,159.09269172794777,4233.917968994156,2389.018373699199,236.95961135573148,-85.59998202542758,6933.388663751607,6774.295972023659
3540309,61.37022898845885,1640.4646080886037,939.773018704392,112.66913324711985,-85.77285458246031,2668.504134446114,2607.1339054576556
3540804,107.49541565059288,2907.5780995998775,1671.6743497204304,152.3724854219443,-89.03300254382903,4750.087347849017,4642.591932198424
3540903,93.0690331037973,2483.9272027878833,1415.3639920712255,123.94178581326864,-18.34509988690657,4097.9569138892675,4004.887880785471
3541406,26.828116772457975,724.1587397793452,410.90848034112105,49.69315896537555,-126.83624128696566,1084.752254571334,1057.924137798876
3541604,111.18818918630342,2948.859914515642,1721.3637823310253,211.41813345691685,-187.78755125196747,4805.04246823792,4693.854279051616
3541703,152.07979308203548,4022.5793856872565,2262.0447236016535,239.09018161292246,-148.8025743541532,6526.991509629715,6374.91171654768
3541802,67.84378783239251,1836.0093727188025,1061.7067454731662,102.82779773611006,-50.05813768035169,3018.3295660801195,2950.485778247727
3542107,38.31304616267438,1019.6030394000221,575.310058038745,56.68539185555658,-4.772164666117015,1685.139370790881,1646.8263246282067
3544004,82.27447865130142,2186.775485562852,1228.987826771928,132.92222099499367,-9.055599164951602,3621.9044128161227,3539.6299341648214
3545506,131.2609720261359,3613.6862604654816,2236.3442444078564,269.05599511985463,-71.16521384602552,6179.182258173303,6047.921286147167
3545704,38.63611825410513,1020.1853615281248,584.0371748770118,45.933366181457984,-56.012722613984195,1632.7792982267158,1594.1431799726104
3547502,104.11523393175506,2792.9966272427378,1594.1737043673354,170.31378550025545,-78.39582195522787,4583.203529086855,4479.0882951551
3549102,52.919955880378424,1405.3013736671667,819.0466530460709,154.2925721065276,-209.73248907581126,2221.8280656243323,2168.908109743954
3549409,152.130322671649,4048.3397221080804,2288.273339783679,264.1874360951081,-113.53425322642933,6639.396567432087,6487.266244760438
3550100,164.25287432142986,4336.274751518118,2431.7329816935844,268.45616874070214,-20.708252074654723,7180.00852419918,7015.75564987775
3551306,41.11782693599979,1099.9222056234755,625.5545374818079,60.538081169133925,-24.51796238309148,1802.6146888273254,1761.4968618913256
3551504,41.64164840222245,1105.2507998365577,625.9485410196643,63.558260304309485,-19.566970876868123,1816.832278685886,1775.1906302836635
3551702,184.66180354996968,4934.03827279269,2793.2626405306933,263.42847409904806,-124.94153584504818,8050.449655127353,7865.787851577383
3551900,43.943872253342604,1172.5910972972076,667.3539137515047,70.90253747071198,-16.84888755278465,1937.9425332199821,1893.9986609666396
3552304,74.3070792988598,2008.854691475956,1152.5603829976742,129.45692255011923,-94.42924526212127,3270.749831060488,3196.442751761628
3552551,48.454195282568215,1298.8586287274602,749.335815873095,80.29933870273364,-97.15646602461085,2079.7915125612462,2031.3373172786783
3553401,175.7533436894233,4689.816739547923,2673.1109646421933,275.17547113918613,-137.46919007373415,7676.387328944991,7500.633985255568
3553955,133.11866272360913,3557.077342614797,2067.8133755317594,265.1408120085407,-175.60083053033856,5847.549362348368,5714.430699624759
3555356,85.67421871760708,2301.198938143077,1325.3352018899516,119.10919321220106,-71.48141749221304,3759.836134470624,3674.161915753017
3556305,278.03745376289936,7489.412093059298,4313.30549431703,367.1561689021884,-46.99081790834389,12400.920392133074,12122.882938370174
3556909,32.89562046640568,879.4515473800731,489.35947852447384,49.961484588359745,-14.133153192742967,1437.5349777665692,1404.6393573001637
4102109,40.76616422474768,302.36985357118283,1469.1365285304664,293.56647002253095,-784.545570059133,1321.2934462897952,1280.5272820650475
4102406,169.66269511213397,1215.0076453319627,4097.756456040274,234.23936974835095,-498.4458478696999,5218.220318363023,5048.557623250888
4105607,122.65398401002396,892.075089831615,2851.5570672922004,48.232538798314444,-116.82613481625732,3797.6925451158963,3675.0385611058728
4105904,351.42922303567946,2554.8360020702276,8046.390003542346,99.61579492827049,-92.10706467854793,10960.163958897974,10608.734735862296
4108007,135.01442827918686,970.3166453536701,3295.6580458824947,131.60252347633104,-309.87666836329606,4222.714974628387,4087.700546349199
4111555,249.53996861790594,1796.9973839722115,5924.681266467611,88.01276644655331,-96.94250234912407,7962.288883155158,7712.748914537252
4111803,558.1179923324207,3944.281065812549,12556.631627013001,180.4904627328517,-255.7786259177203,16983.7425219731,16425.62452964068
4113007,89.69940212191186,672.1036857392841,2346.5378881756133,163.3931324992679,-368.83835356489146,2902.8957549711854,2813.196352849274
4115200,27.77435022691563,195.91714768826128,1207.1836624298655,319.01768552311455,-871.8558214170838,878.0370244510731,850.2626742241576
4117107,93.72000899370185,699.8525379544312,2211.741976112007,34.14596539681702,-92.79910524036518,2946.661383216592,2852.94137422289
4118105,298.37591204091416,2303.4633642253784,7355.993933217952,90.74112430692097,-70.52348617531712,9978.050847615848,9679.674935574934
4122602,285.6686624359859,2118.475158944635,6704.692630314738,95.73627703700609,-80.15826926208508,9124.41445947028,8838.745797034293
4124509,224.34280663708304,1698.5348420998992,5456.899515006324,74.41787870447244,-128.46623430162444,7325.728808146154,7101.38600150907
4124608,202.2584875211054,1521.3572469868689,4899.535761443236,82.85847897449956,-117.76191920108472,6588.2480557246245,6385.989568203519
4125803,160.2785728187105,1152.3826153995626,3771.9979349894247,143.50540958800343,-287.0071480909769,4941.157384704724,4780.878811886014
4126801,386.257481022035,2736.8128512961907,8536.797357408304,114.75736888542471,-137.7338202519943,11636.89123835996,11250.633757337924
4127304,173.07981523131554,1315.8466835475435,4245.19106318703,63.12136887808685,-228.41303404845837,5568.825896795518,5395.7460815642025
5000856,89.3683985820489,8178.378772959904,9536.440353924545,397.65765459984544,-313.89779591098045,17887.947384155366,17798.578985573316
5001003,35.40352500298826,2983.7346932381533,3447.3486785882455,213.90032742707768,-670.4023364417616,6009.984887814703,5974.581362811715
5002001,10.36495711192459,1123.5379352629236,1508.039246968993,457.46043476148384,-948.8010025822008,2150.6015715231247,2140.2366144111998
5002407,37.062702701406536,3375.40535258038,4878.658080922336,2193.935619229054,-3220.6203678981274,7264.441387535049,7227.378684833644
5003256,97.31793380496516,8040.556528942287,10225.120820657718,2057.2921121186296,-3366.5584184963213,17053.728977027276,16956.41104322231
5003801,3.919708950785469,325.9377762851939,612.0914984746103,243.09936927206377,-359.70340271825876,825.3449502643946,821.4252413136091
5004700,82.01651205071533,8142.3015862031025,9633.17029605738,643.0710107548484,-865.1812728114201,17635.378132254627,17553.361620203912
5005707,4.01610880418433,722.0802554942555,1588.3834918219777,1840.0277204269582,-2965.863684169782,1188.6438923775936,1184.6277835734095
5006002,147.309192939982,13717.530545752363,16266.322423433883,1308.8769461239067,-1603.466501026662,29836.572607223472,29689.26341428349
5006200,56.266124797486945,5015.550289591504,5960.6056579927035,641.6323724347283,-1755.4321794026205,9918.622265413802,9862.356140616315
5006275,25.788045728912422,2439.080159293787,2883.9097588217455,868.7292246477979,-2296.4418283825466,3921.065360109696,3895.277314380784
5006606,78.94653599009503,6785.990177601431,9736.548632114196,4664.9678507703775,-7092.668063450928,14173.785133025169,14094.838597035076
5007208,178.46716506114993,17406.15164784258,22664.89200345916,3224.2752764287648,-4136.6244583439475,39337.16163444771,39158.69446938656
5007935,29.695986251910146,2449.8508582520008,3162.159191580503,1127.2453749134927,-2265.5669502304245,4503.384460767482,4473.688474515572
5008404,13.88140927638649,1257.9280701255218,1523.302170492361,179.33406947368738,-237.1068928502917,2737.338826517665,2723.4574172412786
5100607,303.57544888826146,7398.862253751838,34584.607756240344,902.4285130954862,-1784.746870843037,41404.72710113289,41101.15165224463
5101704,321.00304797605116,7891.104163683012,34790.7784881762,290.1147576776095,-983.7106482528881,42309.289809259986,41988.28676128393
5102637,234.54122336338295,5611.887778562077,35874.89126225932,5329.618295815023,-11121.851857010619,35929.08670298919,35694.545479625805
5105234,55.78012512871248,1538.4647997015513,6377.620007357586,60.32005564995392,-443.83174864405584,7588.353239193748,7532.573114065035
5105622,24.740511006572756,645.4426381964007,2829.879208966461,59.39516028890524,-392.49908043205835,3166.9584380262813,3142.217927019709
5106232,145.23352793276896,3429.196861831063,15347.596825086574,127.44287571908818,-231.451070306127,18818.019020263364,18672.785492330597
5107925,0.3258382437128655,5.748972249624463,26628.58690789853,9225.4588974325,-23471.398757217252,12388.721858607114,12388.396020363401
5201306,44.32759032100818,1363.6155459500587,2279.3776902432364,101.94287680317642,-347.91826426789527,3441.345439049584,3397.017848728576
5204250,95.96551378815609,2751.3949523642164,4474.465081836702,189.70250103531606,-241.3756748101009,7270.15237421429,7174.1868604261335
5204300,137.33982288341352,3865.64930090031,6228.179921552662,159.18938869982978,-624.3260382153647,9766.03239582085,9628.692572937438
5205000,40.612938010522335,1105.9139858091596,1858.7680020467742,56.5431823742972,-151.0762847972614,2910.7618234434917,2870.1488854329696
5205471,123.84495600878036,3519.800265743092,7274.088012796919,1868.8608757643724,-3644.3277316947674,9142.266378618397,9018.421422609616
5207402,167.9365476389066,5116.586894390192,8309.025408583553,394.41225531454603,-557.2989813726502,13430.662124554548,13262.725576915642
5208608,121.41404115047814,3463.1249180736186,5622.501597293986,158.42011884736485,-394.019842247457,8971.440833117991,8850.026791967513
5209101,326.12069886432374,9338.200793207883,15276.44379888751,1160.4413621428898,-1624.6912584431097,24476.5153946595,24150.394695795174
5210000,58.397118587994456,1651.3890695852301,2706.8351321291925,90.78189695369839,-216.24195834571546,4291.1612589104,4232.764140322405
5210109,37.0189287945145,891.3687225287665,1928.0108564544469,1103.9654207792164,-2825.7259032135166,1134.6380253434277,1097.6190965489131
5210901,38.744919186932655,1103.7754940361217,1795.8926773997782,59.34987751164917,-236.9328312071378,2760.830136927344,2722.0852177404113
5211503,333.33575472366755,9518.78272962435,15490.334842171593,630.753645737242,-838.880557020222,25134.326415236632,24800.99066051296
5211701,55.42727361620666,1576.5234678298186,2604.2264589450615,154.13394937387616,-407.5057354624994,3982.805414302463,3927.3781406862563
5211909,189.36625550873265,5862.4007208287085,14793.367489574468,4788.3815875791,-12064.336099261955,13569.179954229056,13379.813698720323
5213103,234.17955318023922,6655.622320677847,12323.375617539317,1789.3469599624075,-4843.782245052924,16158.742206306888,15924.56265312665
5213707,15.7673699897867,431.9120657144187,718.9418297166085,340.3463750666291,-1287.8134643776511,219.15417610979193,203.38680612000508
5213806,126.94416429965317,3513.1410629117836,5804.164370941923,499.9711451505469,-1433.8286530886348,8510.392090215271,8383.44792591562
5216403,93.50674600097132,2570.470558879218,4969.987321640878,1671.8317817565107,-3446.017138583215,5859.779269694363,5766.272523693393
5216452,32.107951557831946,912.5408096370982,2191.948116808458,902.0974371778871,-1840.037445644851,2198.656869536424,2166.548917978592
5218508,519.0637037249011,14336.678971649997,23069.303013309374,728.0069919644449,-1223.0146126134232,37430.0380680353,36910.974364310394
5218904,34.683689134215236,1032.5429088109936,1684.653044809594,38.8405300812085,-203.6554598002468,2587.0647130357647,2552.3810239015493
5219308,189.98716006192822,5420.21177851429,9232.43646123861,922.4299479093144,-1417.3123912712226,14347.752956452921,14157.765796390991
5219712,44.253868537588204,1203.3965347133346,1982.587515245906,116.42162455063843,-200.379849622914,3146.279693424553,3102.025824886965
5221551,129.06493600994781,3752.697480936846,6105.394906662591,420.4797736657331,-542.5885157212211,9865.048581553896,9735.983645543949
5221601,35.02685624490758,995.4990650586526,1622.205029916484,226.01862851409098,-628.9095155494415,2249.8400641846933,2214.8132079397856
5222203,55.25081564857347,1572.374772623032,2588.3017178803834,82.51490127737476,-293.6337949760154,4004.808412453348,3949.557596804774
