geocode,intensity_pre_kgco2_ton,intensity_pos_kgco2_ton,delta_intensity_kgco2_ton,delta_relativo_pct,termo_escala_tco2e,termo_intensidade_tco2e,termo_interacao_tco2e,size_pre,size_decil,intensity_pre,intensity_pos,geocode_key,cohort
3103751,62.0802804047496,58.33099187036312,-3.74928853438648,-6.039419458066159,9830.70954440153,-2841.9607090649515,-593.717785090553,758000.0,D4,62.0802804047496,58.33099187036312,3103751,2020.0
3105103,93.10186391519612,84.4552453482259,-8.646618566970218,-9.287266874534522,15248.826659739341,-6778.9489565046515,-1416.199227125161,784000.0,D4,93.10186391519612,84.4552453482259,3105103,2020.0
3111408,70.62557961679313,65.67095801547141,-4.954621601321719,-7.015335843195862,39571.52504075178,-13288.29513474485,-2776.0753798830856,2682000.0,D9,70.62557961679313,65.67095801547141,3111408,2020.0
3111804,110.79122115267346,100.44698380275754,-10.344237349915915,-9.336694046959968,12961.5030226986,-5792.772915952913,-1210.1758811168365,560000.0,D2,110.79122115267346,100.44698380275754,3111804,2022.0
3112604,417.40998146612156,355.92450393692826,-61.485477529193304,-14.730236520274415,11510.620893595184,-8116.083033853516,-1695.541682578695,132000.0,D1,417.40998146612156,355.92450393692826,3112604,2021.0
3117306,77.64001570024779,71.88120271118663,-5.7588129890611555,-7.417325894542261,55796.38295162413,-19810.316682370376,-4138.59956088878,3440000.0,D9,77.64001570024779,71.88120271118663,3117306,2021.0
3121258,63.29873038433078,59.536367554051346,-3.762362830279436,-5.94382036959589,5541.310290544744,-1576.5805204002947,-329.3655297919117,419040.0,D2,63.29873038433078,59.536367554051346,3121258,2021.0
3127107,70.77226166164188,66.13275377461773,-4.639507887024152,-6.5555456023228045,74188.69273361165,-23280.085559446696,-4863.473583919056,5017792.0,D10,70.77226166164188,66.13275377461773,3127107,2020.0
3133402,71.74987527495975,66.55160616088216,-5.19826911407759,-7.24498696918537,19761.974476139796,-6853.397999999894,-1431.7524756500668,1318400.0,D6,71.74987527495975,66.55160616088216,3133402,2020.0
3134202,81.68449155452859,74.62871874892794,-7.055772805600654,-8.637836474614723,28839.538339835442,-11924.256041465105,-2491.1121618288034,1690000.0,D7,81.68449155452859,74.62871874892794,3134202,2020.0
3134400,67.84538103956511,63.63183835318643,-4.2135426863786805,-6.210507807335456,30780.956171159414,-9150.55065200858,-1911.6536861823602,2171700.0,D8,67.84538103956511,63.63183835318643,3134400,2020.0
3135050,106.50290182387006,97.78914302717119,-8.713758796698869,-8.1817102139708,16698.371801748326,-6539.675976922501,-1366.2123912704624,750500.0,D4,106.50290182387006,97.78914302717119,3135050,2021.0
3136306,93.68717172041328,85.49508446795905,-8.192087252454229,-8.74408641228015,35485.89240509612,-14852.794866458178,-3102.9170960703636,1813066.0,D7,93.68717172041328,85.49508446795905,3136306,2020.0
3137205,63.92900170053029,59.938444243823334,-3.9905574567069593,-6.242170768441481,9475.521685605414,-2831.240657171737,-591.4782448161945,709485.0,D3,63.92900170053029,59.938444243823334,3137205,2020.0
3138625,68.0975740353353,63.75211140887587,-4.34546262645943,-6.381229710480733,28040.25874122004,-8564.941600452548,-1789.313321690404,1971008.0,D8,68.0975740353353,63.75211140887587,3138625,2020.0
3143005,72.52689913133919,67.11058580512947,-5.416313326209718,-7.468006203327815,6621.137359961743,-2366.8747604203845,-494.4669487727984,436990.0,D2,72.52689913133919,67.11058580512947,3143005,2020.0
3147006,130.30713069784167,114.28435727981304,-16.022773418028635,-12.296160104378712,56146.68610428104,-33046.97017468406,-6903.886416685352,2062500.0,D8,130.30713069784167,114.28435727981304,3147006,2020.0
3150703,81.62212255691676,75.55650984552369,-6.065612711393072,-7.4313342037428605,16711.602864988858,-5944.60373780078,-1241.8950596995887,980050.0,D4,81.62212255691676,75.55650984552369,3150703,2020.0
3152006,77.7100156373527,71.89536317688221,-5.814652460470484,-7.482500695413022,17143.634687317994,-6140.272998256831,-1282.772584697637,1056000.0,D5,77.7100156373527,71.89536317688221,3152006,2020.0
3157708,70.73212576096333,64.75120284660998,-5.980922914353343,-8.455737545009825,17732.090767164445,-7177.107497224011,-1499.3790565143447,1200000.0,D5,70.73212576096333,64.75120284660998,3157708,2020.0
3159803,71.86150091403978,67.03624202904295,-4.825258884996828,-6.714664769900601,52544.38549047151,-16888.406097488896,-3528.179341089454,3500000.0,D10,71.86150091403978,67.03624202904295,3159803,2021.0
3166709,132.33426947251317,122.56732593467984,-9.766943537833328,-7.380509656919967,2736.966666043772,-966.9274102454995,-202.00208909404108,99000.0,D1,132.33426947251317,122.56732593467984,3166709,2022.0
3169604,65.16354426380657,59.12339711670541,-6.040147147101159,-9.269212126719763,28230.86160884983,-12525.785347036763,-2616.778447724982,2073755.0,D8,65.16354426380657,59.12339711670541,3169604,2021.0
3170107,85.74943370257496,78.37596632957694,-7.373467372998022,-8.598852557526108,121242.14182209712,-49903.62718045061,-10425.43301286883,6768000.0,D10,85.74943370257496,78.37596632957694,3170107,2020.0
3170503,76.44885774183507,71.18804434772102,-5.260813394114052,-6.881480704237101,2475.5100180285094,-815.4260760876782,-170.35174422208829,155000.0,D1,76.44885774183507,71.18804434772102,3170503,2022.0
3500105,21.889855327170046,20.764526132308315,-1.125329194861731,-5.140870864801714,4682.791670007954,-1152.3370955384125,-240.73627262280053,1024000.0,D5,21.889855327170046,20.764526132308315,3500105,2020.0
3501707,18.94360961769378,18.176476077345065,-0.7671335403487163,-4.049563709506531,2881.085215920341,-558.4732173738655,-116.67138134386802,728000.0,D4,18.94360961769378,18.176476077345065,3501707,2020.0
3502101,20.943799594411836,19.908454967678303,-1.035344626733533,-4.943442196657481,10719.72260345966,-2536.5943354971555,-529.9232905440547,2450000.0,D8,20.943799594411836,19.908454967678303,3502101,2020.0
3502804,25.005233059630076,23.413392375050954,-1.5918406845791218,-6.3660301856937425,9914.917480680051,-3021.313619331173,-631.1866397067175,1898000.0,D7,25.005233059630076,23.413392375050954,3502804,2020.0
3503208,16.26275372368535,15.53744073983102,-0.7253129838543302,-4.459964137549301,15220.681158950407,-3249.4021676673997,-678.8369211799115,4480000.0,D10,16.26275372368535,15.53744073983102,3503208,2020.0
3503307,18.916301996503496,18.03756660797539,-0.8787353885281064,-4.645386760533494,10116.684200584123,-2249.5625946319524,-469.95910845891865,2560000.0,D9,18.916301996503496,18.03756660797539,3503307,2020.0
3503703,20.41403205845373,19.577991369910954,-0.8360406885427771,-4.095421649916344,3117.5121779666692,-611.1457433247701,-127.67526867522552,731000.0,D4,20.41403205845373,19.577991369910954,3503703,2020.0
3504404,17.327364741623157,16.530913611557224,-0.7964511300659325,-4.59649313061857,4568.3535991164845,-1005.134865812418,-209.9840593657554,1262017.0,D5,17.327364741623157,16.530913611557224,3504404,2020.0
3504503,33.77259833099154,30.539710946311235,-3.232887384680307,-9.572516017263725,4938.834850781063,-2263.021169276215,-472.7707571572203,700000.0,D3,33.77259833099154,30.539710946311235,3504503,2020.0
3505203,22.705686960597117,21.49379768483409,-1.2118892757630277,-5.3373821187005275,8012.678324709146,-2047.1233646189064,-427.66726013201895,1689200.0,D7,22.705686960597117,21.49379768483409,3505203,2020.0
3505302,19.831983837420445,19.108271684052102,-0.7237121533683428,-3.6492171398546094,3511.092192274383,-613.3098643720022,-128.12737807657373,847450.0,D4,19.831983837420445,19.108271684052102,3505302,2020.0
3505609,19.486715633822477,18.642321964741534,-0.8443936690809437,-4.3331759181385925,3633.3636052919396,-753.6213496547422,-157.44003676292243,892500.0,D4,19.486715633822477,18.642321964741534,3505609,2020.0
3505906,20.709841448184534,19.80973481422484,-0.9001066339596946,-4.346274867491077,16622.491661269658,-3458.2096876731466,-722.4591774245631,3842000.0,D10,20.709841448184534,19.80973481422484,3505906,2020.0
3506201,22.584488033321197,21.52836263026237,-1.0561254030588252,-4.6763309467126986,4868.192722290863,-1089.7101908760958,-227.652802818103,1031800.0,D5,22.584488033321197,21.52836263026237,3506201,2020.0
3506805,20.836158246829495,19.963117506203314,-0.8730407406261804,-4.190027404687356,5954.780174333268,-1194.3197331766148,-249.50692119345348,1368000.0,D6,20.836158246829495,19.963117506203314,3506805,2020.0
3507902,22.54725295682012,21.456356355783008,-1.0908966010371124,-4.838268338614335,10099.047327272863,-2338.8823126235693,-488.6190093371202,2144000.0,D8,22.54725295682012,21.456356355783008,3507902,2021.0
3508207,21.59317505227035,20.517223521485132,-1.0759515307852183,-4.982831511256102,4053.457058318131,-966.8070075023659,-201.9769355971105,898560.0,D4,21.59317505227035,20.517223521485132,3508207,2020.0
3508801,23.16427786787838,21.911072005339925,-1.2532058625384543,-5.41007956166965,9910.884247039417,-2566.575632125655,-536.1867230298164,2048008.0,D8,23.16427786787838,21.911072005339925,3508801,2021.0
3510401,20.10323934512368,19.3291705546556,-0.7740687904680783,-3.8504679627954563,7213.461906577377,-1329.5212027882096,-277.7520397212162,1717575.0,D7,20.10323934512368,19.3291705546556,3510401,2020.0
3511003,22.10835099223021,20.912411231105516,-1.195939761124695,-5.4094480476856805,9006.435671480056,-2332.0825341931554,-487.19845859694465,1950000.0,D8,22.10835099223021,20.912411231105516,3511003,2020.0
3511102,19.398402752263337,18.61393778842383,-0.7844649638395076,-4.043966783543449,5312.705539540769,-1028.3982666702216,-214.84404732650148,1310955.0,D6,19.398402752263337,18.61393778842383,3511102,2020.0
3511409,30.156126832545972,28.12151556061189,-2.0346112719340823,-6.746925038590268,6199.157191883434,-2002.057491583137,-418.2524887607528,984000.0,D5,30.156126832545972,28.12151556061189,3511409,2021.0
3511508,18.345875634324106,17.366404301027757,-0.979471333296349,-5.338918418610737,1828.8692891467772,-467.3841308223517,-97.64183933057252,477180.0,D2,18.345875634324106,17.366404301027757,3511508,2020.0
3511904,22.16232138470571,20.99998832857218,-1.16233305613353,-5.244635866239445,1809.7633893203401,-454.3339073145304,-94.91549981036516,390881.0,D1,22.16232138470571,20.99998832857218,3511904,2022.0
3512001,21.47084061892108,20.464383446451915,-1.0064571724691653,-4.687553646978449,9912.959024858546,-2224.270351156855,-464.67527229323616,2210000.0,D8,21.47084061892108,20.464383446451915,3512001,2020.0
3512100,21.440789042946857,20.375051172000347,-1.06573787094651,-4.970609378282624,13616.840067959949,-3239.8431276773904,-676.8399294437635,3040000.0,D9,21.440789042946857,20.375051172000347,3512100,2020.0
3513702,16.82684995390762,16.124074846343746,-0.7027751075638733,-4.176510217235705,10686.571478827791,-2136.4363269941746,-446.3257496854395,3040000.0,D9,16.82684995390762,16.124074846343746,3513702,2020.0
3515509,22.03696881096646,20.875232308504806,-1.161736502461654,-5.271761794587322,4833.961034142667,-1219.8233275847365,-254.83491096317132,1050000.0,D5,22.03696881096646,20.875232308504806,3515509,2020.0
3516903,18.699997955500898,17.428790176903732,-1.2712077785971658,-6.797903302568117,3513.652809674467,-1143.3306321091839,-238.854720389638,899405.0,D4,18.699997955500898,17.428790176903732,3516903,2020.0
3517406,25.651902802252817,23.868312020719316,-1.7835907815335013,-6.953054497683741,27330.76267357166,-9096.312985820856,-1900.3228233260434,5100000.0,D10,25.651902802252817,23.868312020719316,3517406,2020.0
3517901,18.924622173574075,18.146897781842267,-0.7777243917318089,-4.109590059968574,14980.068943953389,-2946.7977202718234,-615.6194242971478,3789000.0,D10,18.924622173574075,18.146897781842267,3517901,2020.0
3518206,22.733530111926566,21.543927433836256,-1.18960267809031,-5.232811060285861,14597.423767330618,-3656.3627913783766,-763.8556054136735,3073600.0,D9,22.733530111926566,21.543927433836256,3518206,2020.0
3518602,21.595693440706192,20.51092555787975,-1.0847678828264407,-5.023075020974961,8129.876151931474,-1954.7517248532458,-408.3697782238701,1802000.0,D7,21.595693440706192,20.51092555787975,3518602,2020.0
3519105,17.067273746189137,16.308198113760263,-0.7590756324288748,-4.447550579648754,7576.7869905185935,-1613.035718911359,-336.9814337155612,2125000.0,D8,17.067273746189137,16.308198113760263,3519105,2021.0
3519303,17.236919282424733,16.555991490828518,-0.6809277915962149,-3.9504030879259773,5815.5951246572395,-1099.6983834278872,-229.7394493857322,1615000.0,D7,17.236919282424733,16.555991490828518,3519303,2020.0
3520103,19.38448931010866,18.505563113337278,-0.8789261967713813,-4.5341725681317655,9142.465907555612,-1984.2637818310702,-414.53518123118533,2257600.0,D8,19.38448931010866,18.505563113337278,3520103,2020.0
3520905,21.623842810573915,20.646677789921508,-0.9771650206524072,-4.518923991505247,5692.006797380736,-1231.227926022033,-257.2174607649476,1260000.0,D5,21.623842810573915,20.646677789921508,3520905,2020.0
3521408,19.755849602026945,18.9998039763902,-0.7560456256367445,-3.8269456432750655,2993.6218050210246,-548.3871099168537,-114.56427924338448,725336.0,D4,19.755849602026945,18.9998039763902,3521408,2021.0
3521804,41.602432640479215,37.329760674396475,-4.27267196608274,-10.270245499839895,12167.707215676231,-5981.740752515836,-1249.6534027516823,1400000.0,D6,41.602432640479215,37.329760674396475,3521804,2020.0
3522307,81.55101753414252,70.52480483068702,-11.0262127034555,-13.520631669419961,11108.079240776997,-7189.090682652985,-1501.8824796927593,652000.0,D3,81.55101753414252,70.52480483068702,3522307,2020.0
3522703,26.37498994048048,24.625434536350753,-1.749555404129726,-6.633387948499267,12728.17892660579,-4041.4729835396674,-844.3094869808918,2310000.0,D8,26.37498994048048,24.625434536350753,3522703,2020.0
3524303,21.36849411554159,20.275570247541104,-1.0929238680004865,-5.114650859770172,21837.361344799563,-5346.310331291379,-1116.90478977291,4891750.0,D10,21.36849411554159,20.275570247541104,3524303,2021.0
3526001,22.010234232687875,20.909540138069534,-1.1006940946183406,-5.000828628091908,7789.3292137386325,-1864.5757962834691,-389.5310052569679,1694000.0,D7,22.010234232687875,20.909540138069534,3526001,2020.0
3526704,22.94540674062494,21.645458305895378,-1.2999484347295613,-5.665397216201869,8500.411768681244,-2305.198559305931,-481.5820917085633,1773300.0,D7,22.94540674062494,21.645458305895378,3526704,2020.0
3526803,19.944893181826753,19.128451919741327,-0.8164412620854264,-4.093485257817002,12473.975383565938,-2444.196535130383,-510.6203433899935,2993720.0,D9,19.944893181826753,19.128451919741327,3526803,2021.0
3527405,21.917591988757422,20.751842925996304,-1.165749062761119,-5.318782571365902,2620.2373233303215,-667.0999011650504,-139.36472608171755,572250.0,D2,21.917591988757422,20.751842925996304,3527405,2023.0
3527603,15.678465997795191,15.048613561810923,-0.6298524359842688,-4.017309066287752,11136.391104516717,-2141.498282346514,-447.3832494990128,3400000.0,D9,15.678465997795191,15.048613561810923,3527603,2020.0
3528007,20.066797675695376,19.28336367306509,-0.7834340026302868,-3.9041306704316407,5031.623738413513,-940.3088273169756,-196.4411655921211,1200240.0,D5,20.066797675695376,19.28336367306509,3528007,2021.0
3528809,42.448855765215384,37.624647319443454,-4.82420844577193,-11.364754971146047,12344.321171462985,-6715.298156514526,-1402.901853988073,1392000.0,D6,42.448855765215384,37.624647319443454,3528809,2020.0
3528858,20.809714816574214,19.899061348738233,-0.9106534678359814,-4.376097778671515,1748.9530466646258,-366.3558901104153,-76.53589542509849,402300.0,D1,20.809714816574214,19.899061348738233,3528858,2021.0
3529203,176.52186319921194,163.59896397892655,-12.922899220285387,-7.3208490926143135,11151.730844712629,-3907.884724214301,-816.4013863559351,302400.0,D1,176.52186319921194,163.59896397892655,3529203,2020.0
3529500,20.60121189631672,19.483073072918295,-1.118138823398425,-5.427539064332116,2890.019514982652,-750.8302199120424,-156.85693814250496,671500.0,D3,20.60121189631672,19.483073072918295,3529500,2020.0
3529609,22.31835241158915,21.147328694521256,-1.171023717067893,-5.246909339328385,2064.020571215916,-518.3887790716149,-108.29728811678699,442680.0,D2,22.31835241158915,21.147328694521256,3529609,2020.0
3530102,25.515373131564505,24.159645508955368,-1.3557276226091375,-5.313375648549685,8630.15923815915,-2194.963692832872,-458.55277939140933,1619030.0,D7,25.515373131564505,24.159645508955368,3530102,2020.0
3530201,25.68625567841016,23.856667280208274,-1.829588398201885,-7.122830283666811,7776.066179017693,-2651.2492294807585,-553.875996677045,1449096.0,D6,25.68625567841016,23.856667280208274,3530201,2020.0
3530508,24.3202249967681,22.761233193113195,-1.558991803654905,-6.410268835350324,8459.482873834368,-2595.721353085417,-542.2755942932024,1665000.0,D7,24.3202249967681,22.761233193113195,3530508,2020.0
3531407,21.475589537174386,20.27405368370543,-1.2015358534689575,-5.594891126919198,6460.551250589588,-1730.2116289952987,-361.4608086693042,1440000.0,D6,21.475589537174386,20.27405368370543,3531407,2020.0
3531902,20.777297136380284,19.794785369933557,-0.9825117664467271,-4.728775643904062,35237.094153716855,-7976.030520014531,-1666.2831259605052,8118000.0,D10,20.777297136380284,19.794785369933557,3531902,2020.0
3532207,24.186984288751752,23.216743687404758,-0.970240601346994,-4.011416180553803,7271.476643367785,-1396.234439774405,-291.6891906372459,1439060.0,D6,24.186984288751752,23.216743687404758,3532207,2020.0
3532900,23.4326224073105,22.257736740007022,-1.174885667303478,-5.0138889573748155,2794.137836521483,-670.5953667551427,-140.09496843918222,570775.0,D2,23.4326224073105,22.257736740007022,3532900,2020.0
3533205,20.61789429529047,19.66296186481005,-0.9549324304804188,-4.631571084824817,2882.45297106962,-639.0407824774962,-133.50285834173437,669200.0,D3,20.61789429529047,19.66296186481005,3533205,2020.0
3533502,20.527486162688316,19.591662119711625,-0.9358240429766909,-4.55888283426388,15438.327801228963,-3368.966554716087,-703.8152760276155,3600000.0,D10,20.527486162688316,19.591662119711625,3533502,2020.0
3533908,20.014324742553462,19.135840314463938,-0.878484428089525,-4.389278376310819,15052.388960194154,-3162.54394112229,-660.6912537479988,3600000.0,D10,20.014324742553462,19.135840314463938,3533908,2020.0
3534005,20.796611018243812,19.76992516182491,-1.0266858564189008,-4.936794055138318,2993.0277455074356,-707.2838864869807,-147.75961580885146,688900.0,D3,20.796611018243812,19.76992516182491,3534005,2022.0
3534203,16.42868808589732,15.641631467537069,-0.7870566183602516,-4.790745397594316,4185.0817036998715,-959.7210992961236,-200.49660910556335,1219380.0,D5,16.42868808589732,15.641631467537069,3534203,2020.0
3534708,22.92542827117203,21.629653364790908,-1.2957749063811228,-5.652129552626578,6398.613896338578,-1731.1552749251803,-361.65794699342376,1336000.0,D6,22.92542827117203,21.629653364790908,3534708,2020.0
3534757,22.91753603378659,21.540158629690616,-1.3773774040959736,-6.010146125941943,2763.479418996951,-795.022237644196,-166.0891512420482,577200.0,D3,22.91753603378659,21.540158629690616,3534757,2020.0
3535002,17.589948788835137,16.77829089546929,-0.8116578933658474,-4.61432777951594,12861.588446695414,-2840.8026267804657,-593.4758485828792,3500000.0,D10,17.589948788835137,16.77829089546929,3535002,2020.0
3535507,22.955889314012335,21.680288743362507,-1.2756005706498286,-5.556746476692578,16619.286119653876,-4420.495556343041,-923.4915959053255,3465423.0,D10,22.955889314012335,21.680288743362507,3535507,2020.0
3535705,19.419313858331126,18.568307629630755,-0.8510062287003706,-4.382267236158183,2775.943843632564,-582.3010119882285,-121.64927755366003,684250.0,D3,19.419313858331126,18.568307629630755,3535705,2020.0
3536000,25.50817585284818,23.458106542299294,-2.050069310548885,-8.036910684540304,3117.433927969807,-1199.2905466710977,-250.54538044048988,585000.0,D3,25.50817585284818,23.458106542299294,3536000,2021.0
3536307,21.5669193099631,20.520664854005002,-1.046254455958099,-4.851200307847256,6758.360622172836,-1569.3816839371486,-327.86161130827634,1500000.0,D6,21.5669193099631,20.520664854005002,3536307,2020.0
3536406,22.346965000215,21.30947184648579,-1.037493153729212,-4.642657979368699,3968.2540096132125,-881.8691806698303,-184.23246141892614,850000.0,D4,22.346965000215,21.30947184648579,3536406,2020.0
3537404,22.660544936608694,21.40415252713703,-1.2563924094716654,-5.544405101405708,8947.344161357118,-2374.5816539014477,-496.0770061226098,1890000.0,D7,22.660544936608694,21.40415252713703,3537404,2020.0
3539301,24.083470580246555,22.568549991098962,-1.514920589147593,-6.2902918584755065,9622.380021749166,-2897.2856267447714,-605.2757870996616,1912500.0,D7,24.083470580246555,22.568549991098962,3539301,2020.0
3539509,19.987947508646574,19.166517568382126,-0.8214299402644478,-4.109626263072314,12422.73324164007,-2443.7540722867325,-510.5279078898549,2975000.0,D9,19.987947508646574,19.166517568382126,3539509,2020.0
3539608,19.399070110906138,18.465766505977047,-0.9333036049290904,-4.811073930829231,3890.578073874527,-895.9714607319268,-187.17858747073538,960000.0,D4,19.399070110906138,18.465766505977047,3539608,2020.0
3540200,20.971064487704133,20.02392678224584,-0.9471377054582923,-4.51640261758588,9171.204687701333,-1982.700187098171,-414.20852857950194,2093360.0,D8,20.971064487704133,20.02392678224584,3540200,2020.0
3540309,21.67783429627621,20.44521490926187,-1.2326193870143385,-5.686081783668198,3885.6633345568716,-1057.5874340583023,-220.94199504091253,858000.0,D4,21.67783429627621,20.44521490926187,3540309,2020.0
3540804,18.03550743813638,17.17780567729065,-0.8577017608457318,-4.755628660783379,6405.297068850739,-1458.092993437744,-304.61214321458345,1700000.0,D7,18.03550743813638,17.17780567729065,3540804,2020.0
3540903,19.528085487619023,18.75172603776742,-0.7763594498516042,-3.9756045227465995,5201.538790764304,-989.8582985607953,-206.7926114180445,1275000.0,D6,19.528085487619023,18.75172603776742,3540903,2020.0
3541406,23.711862554529223,21.736177909915348,-1.9756846446138745,-8.33205168961515,2042.9259887049875,-814.7842015466296,-170.21764935948096,412406.0,D2,23.711862554529223,21.736177909915348,3541406,2020.0
3541604,24.0848269383339,22.632483470291643,-1.4523434680422582,-6.030117931761755,7209.6239426256625,-2081.0208373971786,-434.7488261768589,1432871.0,D6,24.0848269383339,22.632483470291643,3541604,2021.0
3541703,23.31448490842183,22.129948330059502,-1.1845365783623265,-5.080689464146984,9029.687345565699,-2196.005255406447,-458.77037361156994,1853894.0,D7,23.31448490842183,22.129948330059502,3541703,2021.0
3541802,17.907768497646273,17.058308180448826,-0.8494603171974475,-4.74352969946589,4066.8015556686983,-923.4058378094854,-192.90993961148556,1087050.0,D5,17.907768497646273,17.058308180448826,3541802,2021.0
3542107,20.39147388759992,19.570489492283674,-0.8209843953162448,-4.026116012219629,2147.0449816639225,-413.7761352393874,-86.44252179632917,504000.0,D2,20.39147388759992,19.570489492283674,3542107,2020.0
3544004,20.955758004413653,20.088824438972704,-0.8669335654409487,-4.136970684898905,4653.70262769882,-921.5503800637284,-192.52231347027023,1063000.0,D5,20.955758004413653,20.088824438972704,3544004,2020.0
3545506,15.825873877777173,15.038530573212142,-0.7873433045650309,-4.9750384127010205,8492.977668293543,-2022.5274807666513,-422.52890137972315,2568800.0,D9,15.825873877777173,15.038530573212142,3545506,2020.0
3545704,23.44307263590299,22.20470523567928,-1.2383674002237086,-5.282444922885889,2295.978574295508,-580.5515906944754,-121.28380362842088,468804.0,D2,23.44307263590299,22.20470523567928,3545704,2020.0
3547502,19.848766059756528,18.88218164033625,-0.9665844194202791,-4.86974563814339,6236.534635338911,-1453.7429668080997,-303.7033733757184,1504000.0,D6,19.848766059756528,18.88218164033625,3547502,2021.0
3549102,29.595713030459322,27.13921979013506,-2.4564932403242636,-8.300165763183639,4173.443800431999,-1658.132937218878,-346.40275346916695,675000.0,D3,29.595713030459322,27.13921979013506,3549102,2020.0
3549409,21.77220955088669,20.692868119794756,-1.0793414310919331,-4.957427166816775,9096.922409833642,-2158.6828621838663,-450.97330288933614,2000000.0,D8,21.77220955088669,20.692868119794756,3549409,2020.0
3550100,22.721611561528356,21.77118732199935,-0.9504242395290063,-4.182908580033294,9256.26397704568,-1853.3272670815625,-387.18106008637477,1950000.0,D8,22.721611561528356,21.77118732199935,3550100,2020.0
3551306,19.89009859835558,18.982577419917856,-0.9075211784377224,-4.562678128266051,2393.433738366442,-522.7321987801281,-109.20467769498616,576000.0,D2,19.89009859835558,18.982577419917856,3551306,2020.0
3551504,21.554149808179087,20.588499435003452,-0.9656503731756345,-4.480113489835736,2396.482625476252,-513.926853807058,-107.36514138553116,532208.0,D2,21.554149808179087,20.588499435003452,3551504,2020.0
3551702,20.13895902063613,19.210326824477974,-0.928632196158155,-4.611123123129639,10728.504503717604,-2368.012100203295,-494.70455193692726,2550000.0,D8,20.13895902063613,19.210326824477974,3551702,2020.0
3551900,20.35692022558462,19.450214520413503,-0.9067057051711167,-4.454041648360772,2551.6747397065365,-544.0234231026701,-113.65265563723047,600000.0,D3,20.35692022558462,19.450214520413503,3551900,2020.0
3552304,19.118968194073965,18.073854031824578,-1.0451141622493871,-5.466373245881158,4675.374558387049,-1223.3583826210202,-255.57342400440393,1170550.0,D5,19.118968194073965,18.073854031824578,3552304,2020.0
3552551,21.5180461954448,20.199956844254647,-1.318089351190153,-6.125506652500738,3146.7545206095933,-922.6625458331072,-192.75465749780835,700000.0,D3,21.5180461954448,20.199956844254647,3552551,2019.0
3553401,20.80196844181044,19.792380179975066,-1.0095882618353755,-4.85333041754922,10429.840431840836,-2423.0118284049013,-506.1946181803782,2400000.0,D8,20.80196844181044,19.792380179975066,3553401,2020.0
3553955,22.437718542738576,21.152920161201312,-1.2847983815372643,-5.7260651482459135,8546.23828050983,-2342.4444092187405,-489.3631716663242,1823200.0,D7,22.437718542738576,21.152920161201312,3553955,2020.0
3555356,19.120165851006337,18.211001919318573,-0.9091639316877647,-4.755000237824366,5068.918008420294,-1153.7290293117733,-241.02706335550715,1269000.0,D5,19.120165851006337,18.211001919318573,3555356,2020.0
3556305,17.704224356388586,17.008730383759367,-0.6954939726292189,-3.928406908028417,15689.51641702598,-2950.2854318931463,-616.3480467627013,4242000.0,D10,17.704224356388586,17.008730383759367,3556305,2020.0
3556909,20.04454038291413,19.162663667310884,-0.8818767156032443,-4.3995856166148455,1884.3891953199661,-396.8445220214599,-82.90531599834146,450000.0,D2,20.04454038291413,19.162663667310884,3556909,2020.0
4102109,183.3948126668781,157.3972909195141,-25.997521747364004,-14.175712698366452,7126.265209263609,-4835.539045009705,-1010.198882188852,186000.0,D1,183.3948126668781,157.3972909195141,4102109,2021.0
4102406,131.61923178025276,119.58877304055623,-12.030458739696527,-9.140350218562432,10717.132682173691,-4688.991598384118,-979.5834605386889,389760.0,D1,131.61923178025276,119.58877304055623,4102406,2022.0
4105607,76.42141583850125,71.2798373474481,-5.141578491053153,-6.727928859521098,6018.007870549889,-1938.0820211530486,-404.8872882909771,376943.0,D1,76.42141583850125,71.2798373474481,4105607,2021.0
4105904,62.284190667065296,58.69037371110438,-3.593816955960918,-5.770030753343739,15926.532513954955,-4398.831954096163,-918.9658239964904,1224000.0,D5,62.284190667065296,58.69037371110438,4105904,2020.0
4108007,104.05114159863773,95.29711664317207,-8.754024955465653,-8.413194532005273,7965.866902114754,-3207.982477130032,-670.1838786355362,366458.0,D1,104.05114159863773,95.29711664317207,4108007,2020.0
4111555,77.22052360314663,72.56887041026772,-4.651653192878911,-6.023856062909889,11839.968719233448,-3413.9971311560043,-713.2226735401784,733932.0,D4,77.22052360314663,72.56887041026772,4111555,2021.0
4111803,116.26255492132486,109.17860399712474,-7.083950924200124,-6.093063178418752,25371.227486159052,-7399.718036646344,-1545.8849198720147,1044575.0,D5,116.26255492132486,109.17860399712474,4111803,2020.0
4113007,86.75880494984499,78.16960980647264,-8.58919514337235,-9.900084663842176,6586.587618655862,-3121.3135151015126,-652.0777507050766,363400.0,D1,86.75880494984499,78.16960980647264,4113007,2020.0
4115200,363.7233657121596,308.4164318072173,-55.3069339049423,-15.205768756882845,7080.521046461916,-5153.610715130333,-1076.6476571074204,93182.0,D1,363.7233657121596,308.4164318072173,4115200,2021.0
4117107,59.06988924981316,55.104170217853444,-3.965719031959715,-6.713604989486685,4665.461603002501,-1499.2995658178495,-313.2206629617613,378065.0,D1,59.06988924981316,55.104170217853444,4117107,2020.0
4118105,56.15186412888713,52.93584114495825,-3.216022983928873,-5.727366372997048,14478.104596444033,-3969.215566765015,-829.2140941040755,1234200.0,D5,56.15186412888713,52.93584114495825,4118105,2021.0
4122602,66.18074840135941,62.32007455367341,-3.8606738476860016,-5.833530053592897,13342.913748042258,-3725.8050674909387,-778.3628835170234,965066.0,D4,66.18074840135941,62.32007455367341,4122602,2021.0
4124509,64.69024915590924,60.69203557536325,-3.9982135805459933,-6.180550597215886,11055.341632978754,-3270.6746481483615,-683.2809833213248,818034.0,D4,64.69024915590924,60.69203557536325,4124509,2020.0
4124608,63.824837003785916,59.825913780239546,-3.9989232235463703,-6.265465626350389,10018.259116765033,-3004.5789672418946,-627.6905813196273,751347.0,D4,63.824837003785916,59.825913780239546,4124608,2021.0
4125803,92.07498518763471,84.7472518301438,-7.327733357490914,-7.958440984332624,8862.221443280285,-3376.0479679299287,-705.2946634643323,460722.0,D2,92.07498518763471,84.7472518301438,4125803,2022.0
4126801,65.03777380299215,61.18467625942088,-3.853097543571266,-5.924399496272425,17119.7808741062,-4854.902904899795,-1014.2442118684907,1260000.0,D5,65.03777380299215,61.18467625942088,4126801,2021.0
4127304,64.58248608132074,60.0350177694168,-4.547468311903941,-7.041333630572655,9106.164277009819,-3069.222787753327,-641.1954076922857,674930.0,D3,64.58248608132074,60.0350177694168,4127304,2021.0
5000856,35.94408155281354,34.02519399691017,-1.9188875559033747,-5.338535505724092,25754.95736485633,-6581.440835876068,-1374.9375434069573,3429821.0,D9,35.94408155281354,34.02519399691017,5000856,2020.0
5001003,49.19285582663728,44.9947455043626,-4.19811032227468,-8.533983749732737,11803.68774892607,-4821.781591751806,-1007.3247943625448,1148560.0,D5,49.19285582663728,44.9947455043626,5001003,2020.0
5002001,95.36502091383731,82.62888234004697,-12.736138573790342,-13.355146836592732,9421.08941156823,-6022.652472635404,-1258.2003245216276,472879.0,D2,95.36502091383731,82.62888234004697,5002001,2020.0
5002407,129.76709213160152,112.01873046660428,-17.748361664997233,-13.677089756313546,34656.18508867701,-22688.84886315086,-4739.957540692507,1278363.0,D6,129.76709213160152,112.01873046660428,5002407,2020.0
5003256,68.26224598223709,60.710959787977124,-7.551286194259966,-11.062170729373493,47119.05092475016,-24950.25002217152,-5212.389859356303,3304106.0,D9,68.26224598223709,60.710959787977124,5003256,2020.0
5003801,125.7557049232498,108.57640351507227,-17.179301408177523,-13.660852538389614,3921.169936493827,-2564.0794523761283,-535.6652428040874,149254.0,D1,125.7557049232498,108.57640351507227,5003801,2020.0
5004700,41.41856351473949,38.55387238519959,-2.8646911295398994,-6.916442499316644,29267.073014528854,-9689.471118042035,-2024.2402762829065,3382379.0,D9,41.41856351473949,38.55387238519959,5004700,2020.0
5005707,356.7167226443731,298.0896953268911,-58.627027317481975,-16.435177718295506,24204.575349929215,-19041.882591636193,-3978.0649747196126,324797.0,D1,356.7167226443731,298.0896953268911,5005707,2021.0
5006002,41.8510906723439,38.818578852907066,-3.0325118194368343,-7.245956486961481,51126.96254964183,-17733.061675906163,-3704.637459452139,5847648.0,D10,41.8510906723439,38.818578852907066,5006002,2020.0
5006200,50.75588566462873,45.59171058235337,-5.1641750822753565,-10.174534469554569,23982.684765522365,-11680.202096713345,-2440.126528192686,2261775.0,D8,50.75588566462873,45.59171058235337,5006200,2020.0
5006275,75.22783395579762,64.75293706670908,-10.47489688908854,-13.924230352349879,20053.547956081504,-13365.96843047698,-2792.3022112237395,1276000.0,D6,75.22783395579762,64.75293706670908,5006275,2020.0
5006606,124.66568765794867,107.26776787247047,-17.397919785478194,-13.955660224017466,73248.46421892002,-48931.3188361815,-10222.306785703488,2812481.0,D9,124.66568765794867,107.26776787247047,5006606,2020.0
5007208,53.49336915692405,48.538543693169395,-4.954825463754652,-9.262504010954247,84392.85750318068,-37417.27122260312,-7816.891811191013,7551683.0,D10,53.49336915692405,48.538543693169395,5007208,2020.0
5007935,88.36654288819834,76.23265030656302,-12.133892581635322,-13.731319779010892,21779.63089553948,-14315.311656069138,-2990.63076495478,1179779.0,D5,88.36654288819834,76.23265030656302,5007935,2020.0
5008404,44.58149503752971,40.76576989029636,-3.8157251472333513,-8.558988755359568,5396.027078094419,-2210.7243100028813,-461.8453508502587,579372.0,D3,44.58149503752971,40.76576989029636,5008404,2021.0
5100607,107.34741165379899,99.23855681239637,-8.108854841402618,-7.553842907320485,73019.35000735353,-26402.431363606924,-5515.766991501994,3256000.0,D9,107.34741165379899,99.23855681239637,5100607,2020.0
5101704,92.3376338032599,86.3092132293209,-6.028420573939002,-6.528671274795189,67483.14242126977,-21089.10312539933,-4405.752534586567,3498280.0,D10,92.3376338032599,86.3092132293209,5101704,2021.0
5102637,245.21693280844886,214.26919855062968,-30.947734257819178,-12.620553525149095,132356.9644253399,-79958.23740615154,-16704.181539562567,2583654.0,D9,245.21693280844886,214.26919855062968,5102637,2021.0
5105234,99.18635611243337,91.62342699439814,-7.562929118035228,-7.624969213973561,13480.767945313788,-4920.290425611359,-1027.9044056373925,650580.0,D3,99.18635611243337,91.62342699439814,5105234,2021.0
5105622,133.16070660836766,120.69203874065515,-12.468667867712512,-9.363623988856931,6858.442025927103,-3074.025376105843,-642.1987228015556,246540.0,D1,133.16070660836766,120.69203874065515,5105622,2021.0
5106232,85.56914865964205,80.3165271348745,-5.252621524767548,-6.138452476207586,28959.710424083794,-8509.246870123428,-1777.678061629718,1620000.0,D7,85.56914865964205,80.3165271348745,5106232,2021.0
5201306,47.365903928678314,43.337403711356224,-4.02850021732209,-8.50506352288356,6689.205142154546,-2723.266146909733,-568.9211465162376,676000.0,D3,47.365903928678314,43.337403711356224,5201306,2020.0
5204250,42.46649607454726,39.71267702700696,-2.753819047540297,-6.484686287058253,11483.303851126084,-3564.4607605647343,-744.6562301352054,1294370.0,D6,42.46649607454726,39.71267702700696,5204250,2020.0
5204300,51.05859385946318,47.373341093460176,-3.6852527660030034,-7.21769341346634,16534.7045576181,-5712.587702889342,-1193.4242817913207,1550121.0,D7,51.05859385946318,47.373341093460176,5204300,2020.0
5205000,54.51741511566355,50.72000876510634,-3.7974063505572104,-6.965492297279089,4808.211745834318,-1603.147241608387,-334.91561879295784,422169.0,D2,54.51741511566355,50.72000876510634,5205000,2020.0
5205471,123.86123008925279,107.48037359539406,-16.38085649385873,-13.225168587503045,38425.880838055695,-24325.571893380216,-5081.887522065894,1485000.0,D6,123.86123008925279,107.48037359539406,5205471,2020.0
5207402,35.09709850633048,32.69380354035805,-2.403294965972435,-6.847560249286566,21967.215619612754,-7200.2717180534155,-1504.2183246436723,2996000.0,D9,35.09709850633048,32.69380354035805,5207402,2020.0
5208608,46.084933959061345,43.03421438967033,-3.0507195693910134,-6.619776372254457,14345.220465267716,-4545.57215839261,-949.6215149076031,1490000.0,D6,46.084933959061345,43.03421438967033,5208608,2020.0
5209101,49.87919303980515,45.89355052472349,-3.985642515081665,-7.990591411334577,44922.035922535004,-17182.10488251706,-3589.536344222716,4311000.0,D10,49.87919303980515,45.89355052472349,5209101,2020.0
5210000,58.347078371633856,54.3008788761093,-4.046199495524554,-6.934707972441793,7069.832054874265,-2346.7957074042415,-490.272207147611,580000.0,D3,58.347078371633856,54.3008788761093,5210000,2021.0
5210109,407.01634223748005,340.46314704670937,-66.55319519077068,-16.351479850885,20407.277871627106,-15972.766845784965,-3336.8919292932196,240000.0,D1,407.01634223748005,340.46314704670937,5210109,2021.0
5210901,51.603979436326945,47.49877369504571,-4.105205741281232,-7.955211567252402,5044.128728486962,-1920.7723986708515,-401.27111207569624,467887.0,D2,51.603979436326945,47.49877369504571,5210901,2020.0
5211503,47.07723711357551,44.03421524487181,-3.043021868703697,-6.463892223246447,39621.191873103126,-12259.130072347189,-2561.071140243066,4028604.0,D10,47.07723711357551,44.03421524487181,5211503,2020.0
5211701,57.93500255242009,52.90086955271988,-5.034132999700205,-8.689277255395437,7899.374031872726,-3285.5973801163345,-686.3985110701303,652664.0,D3,57.93500255242009,52.90086955271988,5211701,2020.0
5211909,165.83464049001668,141.0197797181343,-24.814860771882394,-14.96361719032777,99776.83659433709,-71466.79902302129,-14930.223872595474,2880000.0,D9,165.83464049001668,141.0197797181343,5211909,2020.0
5213103,90.8825951583109,79.86833565825253,-11.014259500058373,-12.119217635535527,53313.821371071295,-30928.040676163906,-6461.218041780781,2808000.0,D9,90.8825951583109,79.86833565825253,5213103,2020.0
5213707,186.77781657671332,155.30198193248785,-31.475834644225472,-16.85201980680491,8194.200346871405,-6609.925275287349,-1380.8882654640456,210000.0,D1,186.77781657671332,155.30198193248785,5213707,2021.0
5213806,71.87473387402895,64.55314962265741,-7.321584251371533,-10.186589719001518,20421.006674168326,-9957.354581865286,-2080.2041663874443,1360000.0,D6,71.87473387402895,64.55314962265741,5213806,2020.0
5216403,170.25507556962924,146.11556313154296,-24.139512438086285,-14.17843923731598,32118.097142869145,-21797.979731591913,-4553.844887583821,903000.0,D4,170.25507556962924,146.11556313154296,5216403,2021.0
5216452,199.63366523059887,169.79000883611727,-29.8436563944816,-14.94921027473442,16056.707614317633,-11489.807711875415,-2400.3509844636355,385000.0,D1,199.63366523059887,169.79000883611727,5216452,2020.0
5218508,45.17718826689292,42.345879628919064,-2.831308637973855,-6.267120081151035,57914.16490301428,-17373.64028023617,-3629.5502584677324,6136258.0,D10,45.17718826689292,42.345879628919064,5218508,2019.0
5218904,46.01670605500914,42.507182853463334,-3.5095232015458038,-7.626628462607604,4568.687132978616,-1667.8693158258295,-348.4367932512385,475241.0,D2,46.01670605500914,42.507182853463334,5218904,2020.0
5219308,63.444203624307626,57.69374995263657,-5.750453671671053,-9.063796758681134,29774.263669863063,-12917.819128041854,-2698.678745430223,2246400.0,D8,63.444203624307626,57.69374995263657,5219308,2020.0
5219712,72.00461763569552,66.4552569325212,-5.5493607031743295,-7.706951144787821,5599.119144073302,-2065.5719422141424,-431.5213769721913,372218.0,D1,72.00461763569552,66.4552569325212,5219712,2020.0
5221551,44.12859973057629,40.78494905085106,-3.3436506797252292,-7.5770604554407495,17338.106273040015,-6288.403833359239,-1313.718794136807,1880700.0,D7,44.12859973057629,40.78494905085106,5221551,2020.0
5221601,80.2440062476241,70.73915933017918,-9.504846917444922,-11.844930683188997,7040.830392816694,-3992.0357053268676,-833.9814795500411,420000.0,D2,80.2440062476241,70.73915933017918,5221601,2020.0
5222203,50.39474796301406,46.559759058713375,-3.834988904300687,-7.609897974120794,7057.3621155730525,-2570.7464621089225,-537.0580566593621,670340.0,D3,50.39474796301406,46.559759058713375,5222203,2023.0
