event_time,ATT,SE,CI_lo,CI_hi,zero_not_in_cband,outcome,spec,n_munis
-4,0.016717118860596136,0.02467441226878615,-0.031643840525917954,0.06507807824711023,,asinh_luc,FULL2,842
-3,0.022005020328701424,0.0327322105278313,-0.04214893344023071,0.08615897409763357,,asinh_luc,FULL2,842
-2,-0.0027833851513340622,0.0318141907823855,-0.0651380532820958,0.05957128297942769,,asinh_luc,FULL2,842
-1,0.02032369817647497,0.03586736816774527,-0.04997505165254415,0.0906224480054941,,asinh_luc,FULL2,842
0,-0.027058555409376205,0.03910112104174895,-0.10369534440634542,0.04957823358759301,,asinh_luc,FULL2,842
1,0.0376159301467746,0.038158756089708486,-0.03717385748390249,0.11240571777745169,,asinh_luc,FULL2,842
2,-0.017447679497403838,0.047029494747966305,-0.10962379541453342,0.07472843641972575,,asinh_luc,FULL2,842
3,-0.01650387911561402,0.043775552737565046,-0.10230238588457527,0.06929462765334723,,asinh_luc,FULL2,842
4,-0.04454175429816316,0.06277820919369871,-0.16758478333173393,0.07850127473540763,,asinh_luc,FULL2,842
5,-0.21469654166312235,0.12495963852351819,-0.45961293269036185,0.030219849364117174,,asinh_luc,FULL2,842
-4,0.043374885806674014,0.031233739698276013,-0.017842119104445907,0.10459189071779393,,asinh_carbono_solo,FULL2,842
-3,0.01703932605525492,0.034966696232420595,-0.05149413921864185,0.08557279132915169,,asinh_carbono_solo,FULL2,842
-2,0.008571476653715056,0.032136392845826485,-0.05441469591713551,0.07155764922456562,,asinh_carbono_solo,FULL2,842
-1,0.00838206995887223,0.034703313650212474,-0.05963517493974146,0.07639931485748591,,asinh_carbono_solo,FULL2,842
0,-0.02910912277442993,0.04050487325801501,-0.10849721555849892,0.05027897000963905,,asinh_carbono_solo,FULL2,842
1,0.04669141812886427,0.04051360759790887,-0.0327137936468254,0.12609662990455395,,asinh_carbono_solo,FULL2,842
2,-0.030358198239559847,0.052391204667308705,-0.1330430724941517,0.072326676015032,,asinh_carbono_solo,FULL2,842
3,0.009702668366261658,0.046705487308556684,-0.08183840463890203,0.10124374137142535,,asinh_carbono_solo,FULL2,842
4,0.032340212191755785,0.06556810467399782,-0.09617091150383231,0.16085133588734388,,asinh_carbono_solo,FULL2,842
5,-0.018158928893341725,0.26992688709993096,-0.5472059060682157,0.5108880482815323,,asinh_carbono_solo,FULL2,842
-4,-0.16884304995423033,0.07911885512363503,-0.3239131564945973,-0.013772943413863342,*,log1p_queima,FULL2,842
-3,-0.030108711398033377,0.059374234598777095,-0.14648007282126846,0.08626265002520171,,log1p_queima,FULL2,842
-2,0.014829601545468588,0.0681685524097488,-0.11877830605587017,0.14843750914680734,,log1p_queima,FULL2,842
-1,0.14346296076936127,0.11329591957603642,-0.07859296119501658,0.3655188827337391,,log1p_queima,FULL2,842
0,0.017612596824346027,0.09952454489060934,-0.17745192673898816,0.2126771203876802,,log1p_queima,FULL2,842
1,0.12747440578155145,0.15573391138315432,-0.17775845170098337,0.43270726326408626,,log1p_queima,FULL2,842
2,0.2403268222224062,0.16101798551067908,-0.07526263024171709,0.5559162746865295,,log1p_queima,FULL2,842
3,0.1868194723152858,0.18363912023028023,-0.17310658948868426,0.5467455341192559,,log1p_queima,FULL2,842
4,0.541325107098465,0.22499662698983214,0.10033982155540139,0.9823103926415286,*,log1p_queima,FULL2,842
5,0.07934806501798192,0.1796903935501503,-0.27283863470814107,0.4315347647441049,,log1p_queima,FULL2,842
-4,-0.009585655435987979,0.01926568351319754,-0.047345701259402254,0.028174390387426293,,log_solos_manejados,FULL2,841
-3,-0.00726993514980185,0.02651248949039937,-0.059233459691481305,0.044693589391877606,,log_solos_manejados,FULL2,841
-2,0.04564989851991667,0.02603933706746673,-0.005386264313616947,0.09668606135345029,,log_solos_manejados,FULL2,841
-1,-0.003343998751433873,0.012247700946217941,-0.02734905149943818,0.020661053996570432,,log_solos_manejados,FULL2,841
0,0.023649590736995997,0.016563023253026832,-0.008813338314036037,0.05611251978802803,,log_solos_manejados,FULL2,841
1,0.04194093490848494,0.019914270310781218,0.0029096823209584857,0.0809721874960114,*,log_solos_manejados,FULL2,841
2,0.05973116537106407,0.022064467651458662,0.016485603436156022,0.10297672730597213,*,log_solos_manejados,FULL2,841
3,0.06801443658600982,0.023528076460763447,0.021900254097408846,0.1141286190746108,*,log_solos_manejados,FULL2,841
4,0.0948695981215945,0.03172633197955935,0.03268713008009682,0.15705206616309217,*,log_solos_manejados,FULL2,841
5,0.04154519681554192,0.09820913656012824,-0.15094117379508531,0.23403156742616915,,log_solos_manejados,FULL2,841
-4,-0.026421211894269412,0.04732852198530696,-0.11918341042698319,0.06634098663844437,,asinh_cana_direto,FULL2,842
-3,-0.02659613351407307,0.044667831835910464,-0.11414347517994922,0.06095120815180308,,asinh_cana_direto,FULL2,842
-2,0.08565254972239464,0.0406170389175044,0.00604461628542427,0.165260483159365,*,asinh_cana_direto,FULL2,842
-1,0.01876954086497936,0.027770732742838918,-0.03566009513527215,0.07319917686523086,,asinh_cana_direto,FULL2,842
0,0.06869194683183319,0.03425564913134374,0.0015521082673586734,0.1358317853963077,*,asinh_cana_direto,FULL2,842
1,0.10658559716056841,0.03784630359972145,0.032408205157145764,0.18076298916399106,*,asinh_cana_direto,FULL2,842
2,0.1825468129299063,0.06930679366279935,0.04670799346687071,0.3183856323929419,*,asinh_cana_direto,FULL2,842
3,0.3368444030139645,0.17363274638035966,-0.0034695264283178817,0.6771583324562469,,asinh_cana_direto,FULL2,842
4,0.4168055047383966,0.22033750169840058,-0.015048063034001524,0.8486590725107948,,asinh_cana_direto,FULL2,842
5,0.003431535008532674,0.2706412755433758,-0.5270156177864649,0.5338786878035302,,asinh_cana_direto,FULL2,842
-4,-0.026378248076261827,0.02849244626223283,-0.08222241658168106,0.0294659204291574,,log1p_fert_n,FULL2,842
-3,-0.010945073677377822,0.03661776661389534,-0.0827145774349059,0.06082443008015026,,log1p_fert_n,FULL2,842
-2,0.061571751133194,0.032925387958882765,-0.002960823443224979,0.12610432570961297,,log1p_fert_n,FULL2,842
-1,0.005664746733667162,0.019313681278319002,-0.03218937298072359,0.043518866448057913,,log1p_fert_n,FULL2,842
0,0.044081506041665136,0.029546363066179755,-0.013828301442191625,0.1019913135255219,,log1p_fert_n,FULL2,842
1,0.07963058631490863,0.0340137200620503,0.012964920013062556,0.14629625261675472,*,log1p_fert_n,FULL2,842
2,0.14666548036164892,0.05652645818231563,0.03587565815070083,0.257455302572597,*,log1p_fert_n,FULL2,842
3,0.16331013023579263,0.06372778856974659,0.03840595982470599,0.28821430064687925,*,log1p_fert_n,FULL2,842
4,0.2106240431284736,0.09681485948379247,0.02087040537193427,0.4003776808850129,*,log1p_fert_n,FULL2,842
5,0.03919577675021409,0.10145307084772705,-0.15964858823232142,0.23804014173274957,,log1p_fert_n,FULL2,842
-4,0.018462344042239075,0.018676085421937695,-0.018142110756952348,0.055066798841430495,,log1p_calagem,FULL2,842
-3,-0.009953714769900302,0.021202242521578745,-0.05150934650367835,0.031601916963877735,,log1p_calagem,FULL2,842
-2,0.02821259178616831,0.019314179868805556,-0.009642505147619124,0.06606768871995575,,log1p_calagem,FULL2,842
-1,0.0008867117173199466,0.012701325673056254,-0.024007429157784275,0.025780852592424165,,log1p_calagem,FULL2,842
0,0.017855136150049144,0.018531996366685673,-0.01846690929028191,0.054177181590380194,,log1p_calagem,FULL2,842
1,0.0024852100157289024,0.020974295480848167,-0.03862365372783472,0.04359407375929253,,log1p_calagem,FULL2,842
2,0.04625812459853897,0.022252365936024057,0.002644288793125893,0.08987196040395205,*,log1p_calagem,FULL2,842
3,0.0486644734488218,0.023988492932893807,0.0016478912569563228,0.09568105564068727,*,log1p_calagem,FULL2,842
4,0.09051433972757263,0.028029777859687414,0.0355769846279271,0.14545169482721815,*,log1p_calagem,FULL2,842
5,-0.07833385582499124,0.28361836223238995,-0.6342156311547106,0.47754791950472814,,log1p_calagem,FULL2,842
-4,0.02506329377212549,0.022220752004039127,-0.018488579865187427,0.0686151674094384,,log1p_res_outros,FULL2,842
-3,0.04093907424704228,0.030460573976480127,-0.01876255369527679,0.10064070218936136,,log1p_res_outros,FULL2,842
-2,-0.012883639637300109,0.018367007779522118,-0.048882313388930454,0.023115034114330232,,log1p_res_outros,FULL2,842
-1,0.023999127968121224,0.026025643287331694,-0.027010195549535515,0.07500845148577796,,log1p_res_outros,FULL2,842
0,-0.024786805506867515,0.019340249776834212,-0.0626929985214714,0.013119387507736356,,log1p_res_outros,FULL2,842
1,-0.08922354406792601,0.03974142069474277,-0.16711529732407662,-0.011331790811775405,*,log1p_res_outros,FULL2,842
2,-0.07173128348396972,0.035276421604104574,-0.14087179933146537,-0.0025907676364740756,*,log1p_res_outros,FULL2,842
3,-0.05643363467648223,0.03918230626733533,-0.1332295437916775,0.02036227443871305,,log1p_res_outros,FULL2,842
4,-0.03753677237248111,0.04562459363320872,-0.12695933270284565,0.05188578795788343,,log1p_res_outros,FULL2,842
5,-0.20236235259248747,0.20068018720283778,-0.5956882919208053,0.19096358673583042,,log1p_res_outros,FULL2,842
-4,-0.035279949410152625,0.04188953200787753,-0.11738192347483041,0.04682202465452516,,log1p_pam_area_cana_t,FULL2,842
-3,-0.021748587756312738,0.04237107493301945,-0.10479436861127873,0.061297193098653266,,log1p_pam_area_cana_t,FULL2,842
-2,0.06453976374338838,0.03625137511768858,-0.0065116258773327135,0.13559115336410948,,log1p_pam_area_cana_t,FULL2,842
-1,0.03292145987917854,0.024574994715999807,-0.015244644684443212,0.0810875644428003,,log1p_pam_area_cana_t,FULL2,842
0,0.05414246675421826,0.03217132131613766,-0.008912164360477287,0.1171970978689138,,log1p_pam_area_cana_t,FULL2,842
1,0.088984989290396,0.03541963178071273,0.01956378665452875,0.15840619192626326,*,log1p_pam_area_cana_t,FULL2,842
2,0.1753589203655056,0.06692070193674743,0.04419675474934079,0.3065210859816704,*,log1p_pam_area_cana_t,FULL2,842
3,0.3154311577778834,0.16802517805161843,-0.013892139699218709,0.6447544552549855,,log1p_pam_area_cana_t,FULL2,842
4,0.3696039366800657,0.21328587492019715,-0.0484286965746355,0.7876365699347669,,log1p_pam_area_cana_t,FULL2,842
5,-0.026266962902029914,0.2724931187856811,-0.5603436617569597,0.5078097359528999,,log1p_pam_area_cana_t,FULL2,842
-4,0.21437235621720682,0.16443397851557728,-0.10791231950795768,0.5366570319423714,,asinh_pam_area_soja_t,FULL2,842
-3,0.18331262830704456,0.14694568743682615,-0.1046956267526146,0.47132088336670375,,asinh_pam_area_soja_t,FULL2,842
-2,0.04304001690774781,0.09894394446873037,-0.1508865507392948,0.23696658455479042,,asinh_pam_area_soja_t,FULL2,842
-1,0.04996999062284426,0.12231358582618727,-0.1897602324164316,0.2897002136621201,,asinh_pam_area_soja_t,FULL2,842
0,0.11573205515242843,0.10380693312076915,-0.08772579510983719,0.31918990541469405,,asinh_pam_area_soja_t,FULL2,842
1,-0.005162780759025841,0.15738893285631733,-0.3136394207226006,0.30331385920454895,,asinh_pam_area_soja_t,FULL2,842
2,0.23167129585252755,0.16573363828126464,-0.09316066620553992,0.5565032579105951,,asinh_pam_area_soja_t,FULL2,842
3,0.16316590891373606,0.16146969356462834,-0.15330887506765445,0.47964069289512656,,asinh_pam_area_soja_t,FULL2,842
4,0.20144472487011306,0.19533876802791642,-0.18141222524902734,0.5843016749892535,,asinh_pam_area_soja_t,FULL2,842
5,0.018549996894882674,0.258827959635429,-0.48874348218254493,0.5258434759723103,,asinh_pam_area_soja_t,FULL2,842
-4,0.09182046997735857,0.08791742275160361,-0.08049451222936685,0.26413545218408396,,asinh_pam_area_milho_t,FULL2,842
-3,0.054093126544039485,0.08988463150082719,-0.12207751396123624,0.23026376704931523,,asinh_pam_area_milho_t,FULL2,842
-2,-0.02006966573523226,0.06499596739278747,-0.1474594209654354,0.10732008949497089,,asinh_pam_area_milho_t,FULL2,842
-1,-0.09956708350088692,0.07859399419080487,-0.25360848151601467,0.05447431451424087,,asinh_pam_area_milho_t,FULL2,842
0,0.18330885678756498,0.07886433888537235,0.02873759290767347,0.3378801206674565,*,asinh_pam_area_milho_t,FULL2,842
1,0.1108960087816696,0.09671239366779616,-0.07865679966587046,0.30044881722920963,,asinh_pam_area_milho_t,FULL2,842
2,0.06352499465297415,0.10579306727538318,-0.14382560702079986,0.2708755963267482,,asinh_pam_area_milho_t,FULL2,842
3,0.08773862257795452,0.11222981410909996,-0.1322277710675066,0.3077050162234157,,asinh_pam_area_milho_t,FULL2,842
4,0.132194067113955,0.14739064406204308,-0.1566862869058118,0.42107442113372184,,asinh_pam_area_milho_t,FULL2,842
5,-3.08124705394433,2.6484171288229628,-8.272049242476314,2.1095551345876533,,asinh_pam_area_milho_t,FULL2,842
-4,0.10309573604843039,0.13580642875688,-0.16307997318405912,0.36927144528091993,,asinh_pam_area_algodao_t,FULL2,842
-3,-0.22050239753807127,0.13127684146106453,-0.4778002788059323,0.036795483729789746,,asinh_pam_area_algodao_t,FULL2,842
-2,-0.06595510890389017,0.09042430066761621,-0.24318348153963912,0.11127326373185878,,asinh_pam_area_algodao_t,FULL2,842
-1,-0.10024533432816458,0.11216980497455836,-0.3200941122311808,0.1196034435748516,,asinh_pam_area_algodao_t,FULL2,842
0,0.08016571723902254,0.11443463358824489,-0.144122043177975,0.3044534776560201,,asinh_pam_area_algodao_t,FULL2,842
1,0.23087589575354175,0.13561331949435568,-0.03492132627931896,0.49667311778640244,,asinh_pam_area_algodao_t,FULL2,842
2,0.4037326865219799,0.18658501467413888,0.03803277770579022,0.7694325953381695,*,asinh_pam_area_algodao_t,FULL2,842
3,0.32199021845846393,0.17842360024693266,-0.027713612017495948,0.6716940489344239,,asinh_pam_area_algodao_t,FULL2,842
4,0.31327424081854527,0.29428534850963006,-0.26351444343814767,0.8900629250752382,,asinh_pam_area_algodao_t,FULL2,842
5,0.09909157924058268,0.35940224948118704,-0.6053238857052233,0.8035070441863886,,asinh_pam_area_algodao_t,FULL2,842
-4,0.001346912293377257,0.0009752094587459645,-0.000564463123147633,0.003258287709902147,,log1p_share_cana_mapb,FULL2,842
-3,0.0006371565427663125,0.0011697682022127494,-0.0016555470038308435,0.0029298600893634687,,log1p_share_cana_mapb,FULL2,842
-2,0.0005687416953342347,0.000771514512143717,-0.0009433989620174409,0.0020808823526859105,,log1p_share_cana_mapb,FULL2,842
-1,0.0009408311762560674,0.0006922779123814311,-0.00041600859930411257,0.0022976709518162473,,log1p_share_cana_mapb,FULL2,842
0,0.0020285616275238305,0.0010584080355967172,-4.588000319352258e-05,0.004103003258241184,,log1p_share_cana_mapb,FULL2,842
1,0.0019005906509749514,0.001151784961800181,-0.0003568663920882453,0.004158047694038148,,log1p_share_cana_mapb,FULL2,842
2,0.0031521011289459716,0.001333724483981415,0.0005380491750431298,0.005766153082848813,*,log1p_share_cana_mapb,FULL2,842
3,0.003499976611599132,0.0015014927809687544,0.0005571048378534855,0.006442848385344779,*,log1p_share_cana_mapb,FULL2,842
4,0.0025655920943956465,0.0024228782428852304,-0.0021831620005850947,0.007314346189376387,,log1p_share_cana_mapb,FULL2,842
5,-6.247351459327984e-05,0.002590878706178104,-0.005140502467014097,0.005015555437827537,,log1p_share_cana_mapb,FULL2,842
-4,-1.508515399185342e-05,0.0003373577173094465,-0.0006762941298250133,0.0006461238218413065,,log1p_share_pastagem_mapb,FULL2,842
-3,-0.00017478282529717276,0.0003454574978942354,-0.0008518670793591957,0.0005023014287648501,,log1p_share_pastagem_mapb,FULL2,842
-2,-0.0001405970673937711,0.0004239599350456519,-0.0009715432709711896,0.0006903491361836473,,log1p_share_pastagem_mapb,FULL2,842
-1,-0.00043534368433860026,0.0005548173413307061,-0.0015227656913450501,0.0006520783226678496,,log1p_share_pastagem_mapb,FULL2,842
0,-0.000690541858686833,0.0006258743703575131,-0.001917233083434242,0.0005361493660605758,,log1p_share_pastagem_mapb,FULL2,842
1,-0.0010833857712862073,0.001183488138867809,-0.003402979899597451,0.0012362083570250366,,log1p_share_pastagem_mapb,FULL2,842
2,-0.0023445269284382494,0.0017020948605582977,-0.005680571553403239,0.0009915176965267394,,log1p_share_pastagem_mapb,FULL2,842
3,-0.0031192727294002687,0.0023507044632072047,-0.007726568815583951,0.0014880233567834134,,log1p_share_pastagem_mapb,FULL2,842
4,-0.005924653908521941,0.003183862949013124,-0.01216491062029915,0.0003156028032552686,,log1p_share_pastagem_mapb,FULL2,842
5,0.014906830903881691,0.0283973713359422,-0.040750994170175095,0.07056465597793848,,log1p_share_pastagem_mapb,FULL2,842
-4,-9.001040069331022e-05,0.00012671055491424046,-0.0003383585247863063,0.00015833772339968587,,log1p_share_vegetacao_nativa_mapb,FULL2,842
-3,-0.00011335274464304332,0.00010267748937508176,-0.00031459692584119765,8.7891436555111e-05,,log1p_share_vegetacao_nativa_mapb,FULL2,842
-2,-1.7726113909361906e-05,8.830355779657352e-05,-0.0001907979068973971,0.0001553456790786733,,log1p_share_vegetacao_nativa_mapb,FULL2,842
-1,-0.0002476265984632745,0.00013274737496234658,-0.0005078066724317079,1.2553475505158902e-05,,log1p_share_vegetacao_nativa_mapb,FULL2,842
0,-7.547228693676169e-05,0.00010397318767698039,-0.00027925599014146704,0.00012831141626794363,,log1p_share_vegetacao_nativa_mapb,FULL2,842
1,-0.0004965067254925163,0.00045975257318838967,-0.0013976052107413754,0.00040459175975634273,,log1p_share_vegetacao_nativa_mapb,FULL2,842
2,-0.00044655739540051614,0.0005984374913237897,-0.001619473325393645,0.0007263585345926127,,log1p_share_vegetacao_nativa_mapb,FULL2,842
3,-0.0005499837758499908,0.0007014185103961218,-0.0019247387943161231,0.0008247712426161416,,log1p_share_vegetacao_nativa_mapb,FULL2,842
4,3.218303099898608e-05,0.0005407485588081682,-0.0010276646689569631,0.0010920307309549352,,log1p_share_vegetacao_nativa_mapb,FULL2,842
5,-0.0009478801350947618,0.000626555536725535,-0.0021759064213909734,0.0002801461512014499,,log1p_share_vegetacao_nativa_mapb,FULL2,842
-4,-0.0025521852442346306,0.0038300762207435202,-0.010058996694935212,0.00495462620646595,,asinh_share_soja_mapb,FULL2,842
-3,0.0029606814872946727,0.003109041555050441,-0.0031329279870425954,0.00905429096163194,,asinh_share_soja_mapb,FULL2,842
-2,-0.001194837564143245,0.0011364386761956175,-0.003422216440125032,0.001032541311838542,,asinh_share_soja_mapb,FULL2,842
-1,0.0002975160509178467,0.0012784320172185555,-0.0022081646595134125,0.0028031967613491057,,asinh_share_soja_mapb,FULL2,842
0,-0.001500406726738003,0.002069672711994763,-0.0055568907020330785,0.002556077248557072,,asinh_share_soja_mapb,FULL2,842
1,-0.00027197915134875275,0.0018252135841469877,-0.003849332040370116,0.0033053737376726104,,asinh_share_soja_mapb,FULL2,842
2,-0.00019086378907179666,0.0016103568764495757,-0.0033471052691693825,0.0029653776910257895,,asinh_share_soja_mapb,FULL2,842
3,-0.0006941375573213896,0.0017096592024074147,-0.004045008019877397,0.0026567329052346175,,asinh_share_soja_mapb,FULL2,842
4,0.0006569063566876544,0.002623409206942858,-0.004484881205631132,0.005798693919006442,,asinh_share_soja_mapb,FULL2,842
5,-0.00021775734025994637,0.011611764352548652,-0.022976397268221364,0.02254088258770147,,asinh_share_soja_mapb,FULL2,842
-4,-9.347197244235669e-05,0.0001454803468266334,-0.0003786082126809541,0.00019166426779624072,,asinh_share_silvicultura_mapb,FULL2,842
-3,-8.508024160580395e-05,0.0001182691887426306,-0.00031688359202212995,0.00014672310881052203,,asinh_share_silvicultura_mapb,FULL2,842
-2,3.5606836854235334e-05,5.25579400813931e-05,-6.74048328069093e-05,0.00013861850651537995,,asinh_share_silvicultura_mapb,FULL2,842
-1,1.4403243860105675e-07,8.612803857728981e-05,-0.00016866382123196337,0.00016895188610916548,,asinh_share_silvicultura_mapb,FULL2,842
0,-0.0002190381756439136,0.00013006728997725576,-0.0004739653795660624,3.588902827823522e-05,,asinh_share_silvicultura_mapb,FULL2,842
1,-0.00025594775269245016,0.0001637689396710047,-0.0005769289762339322,6.503347084903195e-05,,asinh_share_silvicultura_mapb,FULL2,842
2,-0.0002761997115513706,0.00017197613480343516,-0.0006132667419665089,6.086731886376768e-05,,asinh_share_silvicultura_mapb,FULL2,842
3,-0.00034569845304689153,0.00020391633801977794,-0.000745367131424952,5.397022533116895e-05,,asinh_share_silvicultura_mapb,FULL2,842
4,-0.00047874524482828496,0.0003256081868924665,-0.001116925564208906,0.0001594350745523363,,asinh_share_silvicultura_mapb,FULL2,842
5,-0.00031942864317845,0.000867594459193575,-0.002019882536384363,0.0013810252500274626,,asinh_share_silvicultura_mapb,FULL2,842
-4,-6.355375489991177e-05,4.7175267029531355e-05,-0.00015601557923885308,2.8908069439029547e-05,,asinh_share_urbano_infra_mapb,FULL2,842
-3,-4.352257508943585e-05,5.149538686761179e-05,-0.00014445167871991185,5.740652854104013e-05,,asinh_share_urbano_infra_mapb,FULL2,842
-2,-5.042941413115348e-05,5.294621603262588e-05,-0.0001542020906727774,5.334326241047044e-05,,asinh_share_urbano_infra_mapb,FULL2,842
-1,-0.00015483968467282921,8.709925368063294e-05,-0.0003255510849671875,1.5871715621529087e-05,,asinh_share_urbano_infra_mapb,FULL2,842
0,-0.0001342857534641007,9.77631790976983e-05,-0.00032589806350972843,5.7326556581527e-05,,asinh_share_urbano_infra_mapb,FULL2,842
1,-0.00025189772501035346,0.00015462256776606386,-0.0005549523890289426,5.11569390082356e-05,,asinh_share_urbano_infra_mapb,FULL2,842
2,-0.00036759568112618363,0.00019029722325263377,-0.0007405713850593239,5.38002280695666e-06,,asinh_share_urbano_infra_mapb,FULL2,842
3,-0.00041895589064406776,0.00022305561834764465,-0.0008561368691547629,1.822508786662741e-05,,asinh_share_urbano_infra_mapb,FULL2,842
4,-0.0005277559160346883,0.0002877570635159421,-0.0010917493968229395,3.623756475356298e-05,,asinh_share_urbano_infra_mapb,FULL2,842
5,-0.000611884865510357,0.0004531207868335603,-0.0014999852883505862,0.00027621555732987226,,asinh_share_urbano_infra_mapb,FULL2,842
